-- MySQL dump 10.13  Distrib 8.0.25, for Win64 (x86_64)
--
-- Host: localhost    Database: empresa3
-- ------------------------------------------------------
-- Server version	8.0.25

/*!40101 SET @OLD_CHARACTER_SET_CLIENT=@@CHARACTER_SET_CLIENT */;
/*!40101 SET @OLD_CHARACTER_SET_RESULTS=@@CHARACTER_SET_RESULTS */;
/*!40101 SET @OLD_COLLATION_CONNECTION=@@COLLATION_CONNECTION */;
/*!50503 SET NAMES utf8 */;
/*!40103 SET @OLD_TIME_ZONE=@@TIME_ZONE */;
/*!40103 SET TIME_ZONE='+00:00' */;
/*!40014 SET @OLD_UNIQUE_CHECKS=@@UNIQUE_CHECKS, UNIQUE_CHECKS=0 */;
/*!40014 SET @OLD_FOREIGN_KEY_CHECKS=@@FOREIGN_KEY_CHECKS, FOREIGN_KEY_CHECKS=0 */;
/*!40101 SET @OLD_SQL_MODE=@@SQL_MODE, SQL_MODE='NO_AUTO_VALUE_ON_ZERO' */;
/*!40111 SET @OLD_SQL_NOTES=@@SQL_NOTES, SQL_NOTES=0 */;

--
-- Table structure for table `categorias`
--

DROP TABLE IF EXISTS `categorias`;
/*!40101 SET @saved_cs_client     = @@character_set_client */;
/*!50503 SET character_set_client = utf8mb4 */;
CREATE TABLE `categorias` (
  `id` int NOT NULL AUTO_INCREMENT,
  `nombre` varchar(50) NOT NULL,
  PRIMARY KEY (`id`)
) ENGINE=InnoDB AUTO_INCREMENT=12 DEFAULT CHARSET=latin1;
/*!40101 SET character_set_client = @saved_cs_client */;

--
-- Dumping data for table `categorias`
--

LOCK TABLES `categorias` WRITE;
/*!40000 ALTER TABLE `categorias` DISABLE KEYS */;
INSERT INTO `categorias` VALUES (1,'comidas'),(2,'bebidas'),(3,'reposteria'),(4,'Lacteos'),(5,'Cereales'),(6,'Carnes'),(7,'Frutas/Verduras'),(8,'Pescado/Marisco'),(9,'Musica'),(10,'Musica'),(11,'Musica');
/*!40000 ALTER TABLE `categorias` ENABLE KEYS */;
UNLOCK TABLES;

--
-- Table structure for table `clientes`
--

DROP TABLE IF EXISTS `clientes`;
/*!40101 SET @saved_cs_client     = @@character_set_client */;
/*!50503 SET character_set_client = utf8mb4 */;
CREATE TABLE `clientes` (
  `idcliente` varchar(10) NOT NULL,
  `nombre` varchar(50) DEFAULT NULL,
  `pais` varchar(30) DEFAULT NULL,
  `carnet` bit(1) DEFAULT NULL,
  `musica` bit(1) DEFAULT NULL,
  `deporte` bit(1) DEFAULT NULL,
  `cine` bit(1) DEFAULT NULL,
  `montanya` bit(1) DEFAULT NULL,
  PRIMARY KEY (`idcliente`)
) ENGINE=InnoDB DEFAULT CHARSET=latin1;
/*!40101 SET character_set_client = @saved_cs_client */;

--
-- Dumping data for table `clientes`
--

LOCK TABLES `clientes` WRITE;
/*!40000 ALTER TABLE `clientes` DISABLE KEYS */;
INSERT INTO `clientes` VALUES ('A1234','A1234',NULL,_binary '',NULL,NULL,NULL,NULL),('ALFKI','Alfreds Futterkiste','Francia',_binary '\0',_binary '\0',_binary '\0',_binary '\0',_binary '\0'),('ANATR','Ana Trujillo Emparedados y helados','Mexico',_binary '\0',_binary '\0',_binary '\0',_binary '\0',_binary '\0'),('ANTON','Antonio Moreno Taqueria','Mexico',_binary '\0',_binary '\0',_binary '\0',_binary '\0',_binary '\0'),('AROUT','Around the Horn','Reino Unido',_binary '\0',_binary '\0',_binary '\0',_binary '\0',_binary '\0'),('BERGS','Berglunds snabbkop','Suecia',_binary '\0',_binary '\0',_binary '\0',_binary '\0',_binary '\0'),('BLAUS','Blauer See Delikatessen','Alemania',_binary '\0',_binary '\0',_binary '\0',_binary '\0',_binary '\0'),('BLONP','Blondel pere et fils','Francia',_binary '\0',_binary '\0',_binary '\0',_binary '\0',_binary '\0'),('BOLID','Bolido Comidas preparadas','Espanya',_binary '\0',_binary '\0',_binary '\0',_binary '\0',_binary '\0'),('BONAP','Bon app\'','Francia',_binary '\0',_binary '\0',_binary '\0',_binary '\0',_binary '\0'),('BOTTM','Bottom-Dollar Markets','Canada',_binary '\0',_binary '\0',_binary '\0',_binary '\0',_binary '\0'),('BSBEV','B\'s Beverages','Reino Unido',_binary '\0',_binary '\0',_binary '\0',_binary '\0',_binary '\0'),('CACTU','Cactus Comidas para llevar','Argentina',_binary '\0',_binary '\0',_binary '\0',_binary '\0',_binary '\0'),('CENTC','Centro comercial Moctezuma','Mexico',_binary '\0',_binary '\0',_binary '\0',_binary '\0',_binary '\0'),('CHOPS','Chop-suey Chinese','Suiza',_binary '\0',_binary '\0',_binary '\0',_binary '\0',_binary '\0'),('COMMI','Comercio Mineiro','Brasil',_binary '\0',_binary '\0',_binary '\0',_binary '\0',_binary '\0'),('CONSH','Consolidated Holdings','Reino Unido',_binary '\0',_binary '\0',_binary '\0',_binary '\0',_binary '\0'),('DRACD','Drachenblut Delikatessen','Alemania',_binary '\0',_binary '\0',_binary '\0',_binary '\0',_binary '\0'),('DUMON','Du monde entier','Francia',_binary '\0',_binary '\0',_binary '\0',_binary '\0',_binary '\0'),('EASTC','Eastern Connection','Reino Unido',_binary '\0',_binary '\0',_binary '\0',_binary '\0',_binary '\0'),('EEEEE','NOM_NUM2','ES_es',NULL,NULL,NULL,NULL,NULL),('EEEEG','NOM_NUM2','ES_es',NULL,NULL,NULL,NULL,NULL),('ERNSH','Ernst Handel','Austria',_binary '\0',_binary '\0',_binary '\0',_binary '\0',_binary '\0'),('FAMIA','Familia Arquibaldo','Brasil',_binary '\0',_binary '\0',_binary '\0',_binary '\0',_binary '\0'),('FISSA','FISSA Fabrica Inter. Salchichas S.A.','Espanya',_binary '\0',_binary '\0',_binary '\0',_binary '\0',_binary '\0'),('FOLIG','Folies gourmandes','Francia',_binary '\0',_binary '\0',_binary '\0',_binary '\0',_binary '\0'),('FOLKO','Folk och fa HB','Suecia',_binary '\0',_binary '\0',_binary '\0',_binary '\0',_binary '\0'),('FRANK','Frankenversand','Alemania',_binary '\0',_binary '\0',_binary '\0',_binary '\0',_binary '\0'),('FRANR','France restauration','Francia',_binary '\0',_binary '\0',_binary '\0',_binary '\0',_binary '\0'),('FRANS','Franchi S.p.A.','Italia',_binary '\0',_binary '\0',_binary '\0',_binary '\0',_binary '\0'),('FURIB','Furia Bacalhau e Frutos do Mar','Portugal',_binary '\0',_binary '\0',_binary '\0',_binary '\0',_binary '\0'),('GALED','Galeria del gastronomo','Espanya',_binary '\0',_binary '\0',_binary '\0',_binary '\0',_binary '\0'),('GODOS','Godos Cocina Tipica','Espanya',_binary '\0',_binary '\0',_binary '\0',_binary '\0',_binary '\0'),('GOURL','Gourmet Lanchonetes','Brasil',_binary '\0',_binary '\0',_binary '\0',_binary '\0',_binary '\0'),('GREAL','Great Lakes Food Market','Estados Unidos',_binary '\0',_binary '\0',_binary '\0',_binary '\0',_binary '\0'),('GROSR','GROSELLA-Restaurante','Venezuela',_binary '\0',_binary '\0',_binary '\0',_binary '\0',_binary '\0'),('HANAR','Hanari Carnes','Brasil',_binary '\0',_binary '\0',_binary '\0',_binary '\0',_binary '\0'),('HILAA','HILARIoN-Abastos','Venezuela',_binary '\0',_binary '\0',_binary '\0',_binary '\0',_binary '\0'),('HUNGC','Hungry Coyote Import Store','Estados Unidos',_binary '\0',_binary '\0',_binary '\0',_binary '\0',_binary '\0'),('HUNGO','Hungry Owl All-Night Grocers','Irlanda',_binary '\0',_binary '\0',_binary '\0',_binary '\0',_binary '\0'),('ISLAT','Island Trading','Reino Unido',_binary '\0',_binary '\0',_binary '\0',_binary '\0',_binary '\0'),('KOENE','Koniglich Essen','Alemania',_binary '\0',_binary '\0',_binary '\0',_binary '\0',_binary '\0'),('LACOR','La corne d\'abondance','Francia',_binary '\0',_binary '\0',_binary '\0',_binary '\0',_binary '\0'),('LAMAI','La maison d\'Asie','Francia',_binary '\0',_binary '\0',_binary '\0',_binary '\0',_binary '\0'),('LAUGB','Laughing Bacchus Wine Cellars','Canada',_binary '\0',_binary '\0',_binary '\0',_binary '\0',_binary '\0'),('LAZYK','Lazy K Kountry Store','Estados Unidos',_binary '\0',_binary '\0',_binary '\0',_binary '\0',_binary '\0'),('LEHMS','Lehmanns Marktstand','Alemania',_binary '\0',_binary '\0',_binary '\0',_binary '\0',_binary '\0'),('LETSS','Let\'s Stop N Shop','Estados Unidos',_binary '\0',_binary '\0',_binary '\0',_binary '\0',_binary '\0'),('LILAS','LILA-Supermercado','Venezuela',_binary '\0',_binary '\0',_binary '\0',_binary '\0',_binary '\0'),('LINOD','LINO-Delicateses','Venezuela',_binary '\0',_binary '\0',_binary '\0',_binary '\0',_binary '\0'),('LONEP','Lonesome Pine Restaurant','Estados Unidos',_binary '\0',_binary '\0',_binary '\0',_binary '\0',_binary '\0'),('MAGAA','Magazzini Alimentari Riuniti','Italia',_binary '\0',_binary '\0',_binary '\0',_binary '\0',_binary '\0'),('MAISD','Maison Dewey','Belgica',_binary '\0',_binary '\0',_binary '\0',_binary '\0',_binary '\0'),('MEREP','Mere Paillarde','Canada',_binary '\0',_binary '\0',_binary '\0',_binary '\0',_binary '\0'),('MORGK','Morgenstern Gesundkost','Alemania',_binary '\0',_binary '\0',_binary '\0',_binary '\0',_binary '\0'),('NORTS','North/South','Reino Unido',_binary '\0',_binary '\0',_binary '\0',_binary '\0',_binary '\0'),('nuevoHib2','nuevoHiber','pais',_binary '\0',_binary '\0',_binary '\0',_binary '\0',_binary '\0'),('nuevoHiber','nuevoHiber','pais',_binary '\0',_binary '\0',_binary '\0',_binary '\0',_binary '\0'),('NUM_6','NOM_NUM2','ES_es',NULL,NULL,NULL,NULL,NULL),('NUM_99','NOM_NUM99','ES_es',NULL,NULL,NULL,NULL,NULL),('OCEAN','Oceano Atlantico Ltda.','Argentina',_binary '\0',_binary '\0',_binary '\0',_binary '\0',_binary '\0'),('OLDWO','Old World Delicatessen','Estados Unidos',_binary '\0',_binary '\0',_binary '\0',_binary '\0',_binary '\0'),('OTTIK','Ottilies Kaseladen','Alemania',_binary '\0',_binary '\0',_binary '\0',_binary '\0',_binary '\0'),('PARIS','Paris specialites','Francia',_binary '\0',_binary '\0',_binary '\0',_binary '\0',_binary '\0'),('PERIC','Pericles Comidas clasicas','Mexico',_binary '\0',_binary '\0',_binary '\0',_binary '\0',_binary '\0'),('PICCO','Piccolo und mehr','Austria',_binary '\0',_binary '\0',_binary '\0',_binary '\0',_binary '\0'),('PRINI','Princesa Isabel Vinhos','Portugal',_binary '\0',_binary '\0',_binary '\0',_binary '\0',_binary '\0'),('QUEDE','Que Delicia','Brasil',_binary '\0',_binary '\0',_binary '\0',_binary '\0',_binary '\0'),('QUEEN','Queen Cozinha','Brasil',_binary '\0',_binary '\0',_binary '\0',_binary '\0',_binary '\0'),('QUICK','QUICK-Stop','Alemania',_binary '\0',_binary '\0',_binary '\0',_binary '\0',_binary '\0'),('RANCH','Rancho grande','Argentina',_binary '\0',_binary '\0',_binary '\0',_binary '\0',_binary '\0'),('RATTC','Rattlesnake Canyon Grocery','Estados Unidos',_binary '\0',_binary '\0',_binary '\0',_binary '\0',_binary '\0'),('REGGC','Reggiani Caseifici','Italia',_binary '\0',_binary '\0',_binary '\0',_binary '\0',_binary '\0'),('RICAR','Ricardo Adocicados','Brasil',_binary '\0',_binary '\0',_binary '\0',_binary '\0',_binary '\0'),('RICSU','Richter Supermarkt','Suiza',_binary '\0',_binary '\0',_binary '\0',_binary '\0',_binary '\0'),('ROMEY','Romero y tomillo','Espanya',_binary '\0',_binary '\0',_binary '\0',_binary '\0',_binary '\0'),('SANTG','Sante Gourmet','Noruega',_binary '\0',_binary '\0',_binary '\0',_binary '\0',_binary '\0'),('SAVEA','Save-a-lot Markets','Estados Unidos',_binary '\0',_binary '\0',_binary '\0',_binary '\0',_binary '\0'),('SEVES','Seven Seas Imports','Reino Unido',_binary '\0',_binary '\0',_binary '\0',_binary '\0',_binary '\0'),('SIMOB','Simons bistro','Dinamarca',_binary '\0',_binary '\0',_binary '\0',_binary '\0',_binary '\0'),('SONY','Cliente sony','España',NULL,NULL,NULL,NULL,NULL),('SONY2','Cliente sony','España',NULL,NULL,NULL,NULL,NULL),('SPECD','Specialites du monde','Francia',_binary '\0',_binary '\0',_binary '\0',_binary '\0',_binary '\0'),('SPLIR','Split Rail Beer & Ale','Estados Unidos',_binary '\0',_binary '\0',_binary '\0',_binary '\0',_binary '\0'),('SUPRD','Supremes delices','Belgica',_binary '\0',_binary '\0',_binary '\0',_binary '\0',_binary '\0'),('THEBI','The Big Cheese','Estados Unidos',_binary '\0',_binary '\0',_binary '\0',_binary '\0',_binary '\0'),('THECR','The Cracker Box','Estados Unidos',_binary '\0',_binary '\0',_binary '\0',_binary '\0',_binary '\0'),('TOMSP','Toms Spezialitaten','Alemania',_binary '\0',_binary '\0',_binary '\0',_binary '\0',_binary '\0'),('TORTU','Tortuga Restaurante','Mexico',_binary '\0',_binary '\0',_binary '\0',_binary '\0',_binary '\0'),('TRADH','Tradicao Hipermercados','Brasil',_binary '\0',_binary '\0',_binary '\0',_binary '\0',_binary '\0'),('TRAIH','Trail\'s Head Gourmet Provisioners','Estados Unidos',_binary '\0',_binary '\0',_binary '\0',_binary '\0',_binary '\0'),('VAFFE','Vaffeljernet','Dinamarca',_binary '\0',_binary '\0',_binary '\0',_binary '\0',_binary '\0'),('VICTE','Victuailles en stock','Francia',_binary '\0',_binary '\0',_binary '\0',_binary '\0',_binary '\0'),('VINET','Vins et alcools Chevalier','Francia',_binary '\0',_binary '\0',_binary '\0',_binary '\0',_binary '\0'),('WANDK','Die Wandernde Kuh','Alemania',_binary '\0',_binary '\0',_binary '\0',_binary '\0',_binary '\0'),('WARTH','Wartian Herkku','Finlandia',_binary '\0',_binary '\0',_binary '\0',_binary '\0',_binary '\0'),('WELLI','Wellington Importadora','Brasil',_binary '\0',_binary '\0',_binary '\0',_binary '\0',_binary '\0'),('WHITC','White Clover Markets','Estados Unidos',_binary '\0',_binary '\0',_binary '\0',_binary '\0',_binary '\0'),('WILMK','Wilman Kala','Finlandia',_binary '\0',_binary '\0',_binary '\0',_binary '\0',_binary '\0'),('WOLZA','Wolski  Zajazd','Polonia',_binary '\0',_binary '\0',_binary '\0',_binary '\0',_binary '\0');
/*!40000 ALTER TABLE `clientes` ENABLE KEYS */;
UNLOCK TABLES;

--
-- Table structure for table `detallespedido`
--

DROP TABLE IF EXISTS `detallespedido`;
/*!40101 SET @saved_cs_client     = @@character_set_client */;
/*!50503 SET character_set_client = utf8mb4 */;
CREATE TABLE `detallespedido` (
  `idpedido` int NOT NULL,
  `idproducto` int NOT NULL,
  `precio` float DEFAULT NULL,
  `unidades` int DEFAULT NULL,
  `descuento` float DEFAULT NULL,
  PRIMARY KEY (`idpedido`,`idproducto`),
  KEY `idproducto` (`idproducto`),
  CONSTRAINT `detallespedido_ibfk_1` FOREIGN KEY (`idpedido`) REFERENCES `pedidos` (`idpedido`) ON UPDATE CASCADE,
  CONSTRAINT `detallespedido_ibfk_2` FOREIGN KEY (`idproducto`) REFERENCES `productos` (`id`) ON UPDATE CASCADE
) ENGINE=InnoDB DEFAULT CHARSET=latin1;
/*!40101 SET character_set_client = @saved_cs_client */;

--
-- Dumping data for table `detallespedido`
--

LOCK TABLES `detallespedido` WRITE;
/*!40000 ALTER TABLE `detallespedido` DISABLE KEYS */;
INSERT INTO `detallespedido` VALUES (10248,11,14,12,0),(10248,42,9.8,10,0),(10248,72,34.8,5,0),(10249,14,18.6,9,0),(10249,51,42.4,40,0),(10250,41,7.7,10,0),(10250,51,42.4,35,0.15),(10250,65,16.8,15,0.15),(10251,22,16.8,6,0.05),(10251,57,15.6,15,0.05),(10251,65,16.8,20,0),(10252,20,64.8,40,0.05),(10252,33,2,25,0.05),(10252,60,27.2,40,0),(10253,31,10,20,0),(10253,39,14.4,42,0),(10253,49,16,40,0),(10254,24,3.6,15,0.15),(10254,55,19.2,21,0.15),(10254,74,8,21,0),(10255,2,15.2,20,0),(10255,16,13.9,35,0),(10255,36,15.2,25,0),(10255,59,44,30,0),(10256,53,26.2,15,0),(10256,77,10.4,12,0),(10257,27,35.1,25,0),(10257,39,14.4,6,0),(10257,77,10.4,15,0),(10258,2,15.2,50,0.2),(10258,5,17,65,0.2),(10258,32,25.6,6,0.2),(10259,21,8,10,0),(10259,37,20.8,1,0),(10260,41,7.7,16,0.25),(10260,57,15.6,50,0),(10260,62,39.4,15,0.25),(10260,70,12,21,0.25),(10261,21,8,20,0),(10261,35,14.4,20,0),(10262,5,17,12,0.2),(10262,7,24,15,0),(10262,56,30.4,2,0),(10263,16,13.9,60,0.25),(10263,24,3.6,28,0),(10263,30,20.7,60,0.25),(10263,74,8,36,0.25),(10264,2,15.2,35,0),(10264,41,7.7,25,0.15),(10265,17,31.2,30,0),(10265,70,12,20,0),(10266,12,30.4,12,0.05),(10267,40,14.7,50,0),(10267,59,44,70,0.15),(10267,76,14.4,15,0.15),(10268,29,99,10,0),(10268,72,27.8,4,0),(10269,33,2,60,0.05),(10269,72,27.8,20,0.05),(10270,36,15.2,30,0),(10270,43,36.8,25,0),(10271,33,2,24,0),(10272,20,64.8,6,0),(10272,31,10,40,0),(10272,72,27.8,24,0),(10273,10,24.8,24,0.05),(10273,31,10,15,0.05),(10273,33,2,20,0),(10273,40,14.7,60,0.05),(10273,76,14.4,33,0.05),(10274,71,17.2,20,0),(10274,72,27.8,7,0),(10275,24,3.6,12,0.05),(10275,59,44,6,0.05),(10276,10,24.8,15,0),(10276,13,4.8,10,0),(10277,28,36.4,20,0),(10277,62,39.4,12,0),(10278,44,15.5,16,0),(10278,59,44,15,0),(10278,63,35.1,8,0),(10278,73,12,25,0),(10279,17,31.2,15,0.25),(10280,24,3.6,12,0),(10280,55,19.2,20,0),(10280,75,6.2,30,0),(10281,19,7.3,1,0),(10281,24,3.6,6,0),(10281,35,14.4,4,0),(10282,30,20.7,6,0),(10282,57,15.6,2,0),(10283,15,12.4,20,0),(10283,19,7.3,18,0),(10283,60,27.2,35,0),(10283,72,27.8,3,0),(10284,27,35.1,15,0.25),(10284,44,15.5,21,0),(10284,60,27.2,20,0.25),(10284,67,11.2,5,0.25),(10285,1,14.4,45,0.2),(10285,40,14.7,40,0.2),(10285,53,26.2,36,0.2),(10286,35,14.4,100,0),(10286,62,39.4,40,0),(10287,16,13.9,40,0.15),(10287,34,11.2,20,0),(10287,46,9.6,15,0.15),(10288,54,5.9,10,0.1),(10288,68,10,3,0.1),(10289,3,8,30,0),(10289,64,26.6,9,0),(10290,5,17,20,0),(10290,29,99,15,0),(10290,49,16,15,0),(10290,77,10.4,10,0),(10291,13,4.8,20,0.1),(10291,44,15.5,24,0.1),(10291,51,42.4,2,0.1),(10292,20,64.8,20,0),(10293,18,50,12,0),(10293,24,3.6,10,0),(10293,63,35.1,5,0),(10293,75,6.2,6,0),(10294,1,14.4,18,0),(10294,17,31.2,15,0),(10294,43,36.8,15,0),(10294,60,27.2,21,0),(10294,75,6.2,6,0),(10295,56,30.4,4,0),(10296,11,16.8,12,0),(10296,16,13.9,30,0),(10296,69,28.8,15,0),(10297,39,14.4,60,0),(10297,72,27.8,20,0),(10298,2,15.2,40,0),(10298,36,15.2,40,0.25),(10298,59,44,30,0.25),(10298,62,39.4,15,0),(10299,19,7.3,15,0),(10299,70,12,20,0),(10300,66,13.6,30,0),(10300,68,10,20,0),(10301,40,14.7,10,0),(10301,56,30.4,20,0),(10302,17,31.2,40,0),(10302,28,36.4,28,0),(10302,43,36.8,12,0),(10303,40,14.7,40,0.1),(10303,65,16.8,30,0.1),(10303,68,10,15,0.1),(10304,49,16,30,0),(10304,59,44,10,0),(10304,71,17.2,2,0),(10305,18,50,25,0.1),(10305,29,99,25,0.1),(10305,39,14.4,30,0.1),(10306,30,20.7,10,0),(10306,53,26.2,10,0),(10306,54,5.9,5,0),(10307,62,39.4,10,0),(10307,68,10,3,0),(10308,69,28.8,1,0),(10308,70,12,5,0),(10309,4,17.6,20,0),(10309,6,20,30,0),(10309,42,11.2,2,0),(10309,43,36.8,20,0),(10309,71,17.2,3,0),(10310,16,13.9,10,0),(10310,62,39.4,5,0),(10311,42,11.2,6,0),(10311,69,28.8,7,0),(10312,28,36.4,4,0),(10312,43,36.8,24,0),(10312,53,26.2,20,0),(10312,75,6.2,10,0),(10313,36,15.2,12,0),(10314,32,25.6,40,0.1),(10314,58,10.6,30,0.1),(10314,62,39.4,25,0.1),(10315,34,11.2,14,0),(10315,70,12,30,0),(10316,41,7.7,10,0),(10316,62,39.4,70,0),(10317,1,14.4,20,0),(10318,41,7.7,20,0),(10318,76,14.4,6,0),(10319,17,31.2,8,0),(10319,28,36.4,14,0),(10319,76,14.4,30,0),(10320,71,17.2,30,0),(10321,35,14.4,10,0),(10322,52,5.6,20,0),(10323,15,12.4,5,0),(10323,25,11.2,4,0),(10323,39,14.4,4,0),(10324,16,13.9,21,0.15),(10324,35,14.4,70,0.15),(10324,46,9.6,30,0),(10324,59,44,40,0.15),(10324,63,35.1,80,0.15),(10325,6,20,6,0),(10325,13,4.8,12,0),(10325,14,18.6,9,0),(10325,31,10,4,0),(10325,72,27.8,40,0),(10326,4,17.6,24,0),(10326,57,15.6,16,0),(10326,75,6.2,50,0),(10327,2,15.2,25,0.2),(10327,11,16.8,50,0.2),(10327,30,20.7,35,0.2),(10327,58,10.6,30,0.2),(10328,59,44,9,0),(10328,65,16.8,40,0),(10328,68,10,10,0),(10329,19,7.3,10,0.05),(10329,30,20.7,8,0.05),(10329,38,210.8,20,0.05),(10329,56,30.4,12,0.05),(10330,26,24.9,50,0.15),(10330,72,27.8,25,0.15),(10331,54,5.9,15,0),(10332,18,50,40,0.2),(10332,42,11.2,10,0.2),(10332,47,7.6,16,0.2),(10333,14,18.6,10,0),(10333,21,8,10,0.1),(10333,71,17.2,40,0.1),(10334,52,5.6,8,0),(10334,68,10,10,0),(10335,2,15.2,7,0.2),(10335,31,10,25,0.2),(10335,32,25.6,6,0.2),(10335,51,42.4,48,0.2),(10336,4,17.6,18,0.1),(10337,23,7.2,40,0),(10337,26,24.9,24,0),(10337,36,15.2,20,0),(10337,37,20.8,28,0),(10337,72,27.8,25,0),(10338,17,31.2,20,0),(10338,30,20.7,15,0),(10339,4,17.6,10,0),(10339,17,31.2,70,0.05),(10339,62,39.4,28,0),(10340,18,50,20,0.05),(10340,41,7.7,12,0.05),(10340,43,36.8,40,0.05),(10341,33,2,8,0),(10341,59,44,9,0.15),(10342,2,15.2,24,0.2),(10342,31,10,56,0.2),(10342,36,15.2,40,0.2),(10342,55,19.2,40,0.2),(10343,64,26.6,50,0),(10343,68,10,4,0.05),(10343,76,14.4,15,0),(10344,4,17.6,35,0),(10344,8,32,70,0.25),(10345,8,32,70,0),(10345,19,7.3,80,0),(10345,42,11.2,9,0),(10346,17,31.2,36,0.1),(10346,56,30.4,20,0),(10347,25,11.2,10,0),(10347,39,14.4,50,0.15),(10347,40,14.7,4,0),(10347,75,6.2,6,0.15),(10348,1,14.4,15,0.15),(10348,23,7.2,25,0),(10349,54,5.9,24,0),(10350,50,13,15,0.1),(10350,69,28.8,18,0.1),(10351,38,210.8,20,0.05),(10351,41,7.7,13,0),(10351,44,15.5,77,0.05),(10351,65,16.8,10,0.05),(10352,24,3.6,10,0),(10352,54,5.9,20,0.15),(10353,11,16.8,12,0.2),(10353,38,210.8,50,0.2),(10354,1,14.4,12,0),(10354,29,99,4,0),(10355,24,3.6,25,0),(10355,57,15.6,25,0),(10356,31,10,30,0),(10356,55,19.2,12,0),(10356,69,28.8,20,0),(10357,10,24.8,30,0.2),(10357,26,24.9,16,0),(10357,60,27.2,8,0.2),(10358,24,3.6,10,0.05),(10358,34,11.2,10,0.05),(10358,36,15.2,20,0.05),(10359,16,13.9,56,0.05),(10359,31,10,70,0.05),(10359,60,27.2,80,0.05),(10360,28,36.4,30,0),(10360,29,99,35,0),(10360,38,210.8,10,0),(10360,49,16,35,0),(10360,54,5.9,28,0),(10361,39,14.4,54,0.1),(10361,60,27.2,55,0.1),(10362,25,11.2,50,0),(10362,51,42.4,20,0),(10362,54,5.9,24,0),(10363,31,10,20,0),(10363,75,6.2,12,0),(10363,76,14.4,12,0),(10364,69,28.8,30,0),(10364,71,17.2,5,0),(10365,11,16.8,24,0),(10366,65,16.8,5,0),(10366,77,10.4,5,0),(10367,34,11.2,36,0),(10367,54,5.9,18,0),(10367,65,16.8,15,0),(10367,77,10.4,7,0),(10368,21,8,5,0.1),(10368,28,36.4,13,0.1),(10368,57,15.6,25,0),(10368,64,26.6,35,0.1),(10369,29,99,20,0),(10369,56,30.4,18,0.25),(10370,1,14.4,15,0.15),(10370,64,26.6,30,0),(10370,74,8,20,0.15),(10371,36,15.2,6,0.2),(10372,20,64.8,12,0.25),(10372,38,210.8,40,0.25),(10372,60,27.2,70,0.25),(10372,72,27.8,42,0.25),(10373,58,10.6,80,0.2),(10373,71,17.2,50,0.2),(10374,31,10,30,0),(10374,58,10.6,15,0),(10375,14,18.6,15,0),(10375,54,5.9,10,0),(10376,31,10,42,0.05),(10377,28,36.4,20,0.15),(10377,39,14.4,20,0.15),(10378,71,17.2,6,0),(10379,41,7.7,8,0.1),(10379,63,35.1,16,0.1),(10379,65,16.8,20,0.1),(10380,30,20.7,18,0.1),(10380,53,26.2,20,0.1),(10380,60,27.2,6,0.1),(10380,70,12,30,0),(10381,74,8,14,0),(10382,5,17,32,0),(10382,18,50,9,0),(10382,29,99,14,0),(10382,33,2,60,0),(10382,74,8,50,0),(10383,13,4.8,20,0),(10383,50,13,15,0),(10383,56,30.4,20,0),(10384,20,64.8,28,0),(10384,60,27.2,15,0),(10385,7,24,10,0.2),(10385,60,27.2,20,0.2),(10385,68,10,8,0.2),(10386,24,3.6,15,0),(10386,34,11.2,10,0),(10387,24,3.6,15,0),(10387,28,36.4,6,0),(10387,59,44,12,0),(10387,71,17.2,15,0),(10388,45,7.6,15,0.2),(10388,52,5.6,20,0.2),(10388,53,26.2,40,0),(10389,10,24.8,16,0),(10389,55,19.2,15,0),(10389,62,39.4,20,0),(10389,70,12,30,0),(10390,31,10,60,0.1),(10390,35,14.4,40,0.1),(10390,46,9.6,45,0),(10390,72,27.8,24,0.1),(10391,13,4.8,18,0),(10392,69,28.8,50,0),(10393,2,15.2,25,0.25),(10393,14,18.6,42,0.25),(10393,25,11.2,7,0.25),(10393,26,24.9,70,0.25),(10393,31,10,32,0),(10394,13,4.8,10,0),(10394,62,39.4,10,0),(10395,46,9.6,28,0.1),(10395,53,26.2,70,0.1),(10395,69,28.8,8,0),(10396,23,7.2,40,0),(10396,71,17.2,60,0),(10396,72,27.8,21,0),(10397,21,8,10,0.15),(10397,51,42.4,18,0.15),(10398,35,14.4,30,0),(10398,55,19.2,120,0.1),(10399,68,10,60,0),(10399,71,17.2,30,0),(10399,76,14.4,35,0),(10399,77,10.4,14,0),(10400,29,99,21,0),(10400,35,14.4,35,0),(10400,49,16,30,0),(10401,30,20.7,18,0),(10401,56,30.4,70,0),(10401,65,16.8,20,0),(10401,71,17.2,60,0),(10402,23,7.2,60,0),(10402,63,35.1,65,0),(10403,16,13.9,21,0.15),(10403,48,10.2,70,0.15),(10404,26,24.9,30,0.05),(10404,42,11.2,40,0.05),(10404,49,16,30,0.05),(10405,3,8,50,0),(10406,1,14.4,10,0),(10406,21,8,30,0.1),(10406,28,36.4,42,0.1),(10406,36,15.2,5,0.1),(10406,40,14.7,2,0.1),(10407,11,16.8,30,0),(10407,69,28.8,15,0),(10407,71,17.2,15,0),(10408,37,20.8,10,0),(10408,54,5.9,6,0),(10408,62,39.4,35,0),(10409,14,18.6,12,0),(10409,21,8,12,0),(10410,33,2,49,0),(10410,59,44,16,0),(10411,41,7.7,25,0.2),(10411,44,15.5,40,0.2),(10411,59,44,9,0.2),(10412,14,18.6,20,0.1),(10413,1,14.4,24,0),(10413,62,39.4,40,0),(10413,76,14.4,14,0),(10414,19,7.3,18,0.05),(10414,33,2,50,0),(10415,17,31.2,2,0),(10415,33,2,20,0),(10416,19,7.3,20,0),(10416,53,26.2,10,0),(10416,57,15.6,20,0),(10417,38,210.8,50,0),(10417,46,9.6,2,0.25),(10417,68,10,36,0.25),(10417,77,10.4,35,0),(10418,2,15.2,60,0),(10418,47,7.6,55,0),(10418,61,22.8,16,0),(10418,74,8,15,0),(10419,60,27.2,60,0.05),(10419,69,28.8,20,0.05),(10420,9,77.6,20,0.1),(10420,13,4.8,2,0.1),(10420,70,12,8,0.1),(10420,73,12,20,0.1),(10421,19,7.3,4,0.15),(10421,26,24.9,30,0),(10421,53,26.2,15,0.15),(10421,77,10.4,10,0.15),(10422,26,24.9,2,0),(10423,31,10,14,0),(10423,59,44,20,0),(10424,35,14.4,60,0.2),(10424,38,210.8,49,0.2),(10424,68,10,30,0.2),(10425,55,19.2,10,0.25),(10425,76,14.4,20,0.25),(10426,56,30.4,5,0),(10426,64,26.6,7,0),(10427,14,18.6,35,0),(10428,46,9.6,20,0),(10429,50,13,40,0),(10429,63,35.1,35,0.25),(10430,17,31.2,45,0.2),(10430,21,8,50,0),(10430,56,30.4,30,0),(10430,59,44,70,0.2),(10431,17,31.2,50,0.25),(10431,40,14.7,50,0.25),(10431,47,7.6,30,0.25),(10432,26,24.9,10,0),(10432,54,5.9,40,0),(10433,56,30.4,28,0),(10434,11,16.8,6,0),(10434,76,14.4,18,0.15),(10435,2,15.2,10,0),(10435,22,16.8,12,0),(10435,72,27.8,10,0),(10436,46,9.6,5,0),(10436,56,30.4,40,0.1),(10436,64,26.6,30,0.1),(10436,75,6.2,24,0.1),(10437,53,26.2,15,0),(10438,19,7.3,15,0.2),(10438,34,11.2,20,0.2),(10438,57,15.6,15,0.2),(10439,12,30.4,15,0),(10439,16,13.9,16,0),(10439,64,26.6,6,0),(10439,74,8,30,0),(10440,2,15.2,45,0.15),(10440,16,13.9,49,0.15),(10440,29,99,24,0.15),(10440,61,22.8,90,0.15),(10441,27,35.1,50,0),(10442,11,16.8,30,0),(10442,54,5.9,80,0),(10442,66,13.6,60,0),(10443,11,16.8,6,0.2),(10443,28,36.4,12,0),(10444,17,31.2,10,0),(10444,26,24.9,15,0),(10444,35,14.4,8,0),(10444,41,7.7,30,0),(10445,39,14.4,6,0),(10445,54,5.9,15,0),(10446,19,7.3,12,0.1),(10446,24,3.6,20,0.1),(10446,31,10,3,0.1),(10446,52,5.6,15,0.1),(10447,19,7.3,40,0),(10447,65,16.8,35,0),(10447,71,17.2,2,0),(10448,26,24.9,6,0),(10448,40,14.7,20,0),(10449,10,24.8,14,0),(10449,52,5.6,20,0),(10449,62,39.4,35,0),(10450,10,24.8,20,0.2),(10450,54,5.9,6,0.2),(10451,55,19.2,120,0.1),(10451,64,26.6,35,0.1),(10451,65,16.8,28,0.1),(10451,77,10.4,55,0.1),(10452,28,36.4,15,0),(10452,44,15.5,100,0.05),(10453,48,10.2,15,0.1),(10453,70,12,25,0.1),(10454,16,13.9,20,0.2),(10454,33,2,20,0.2),(10454,46,9.6,10,0.2),(10455,39,14.4,20,0),(10455,53,26.2,50,0),(10455,61,22.8,25,0),(10455,71,17.2,30,0),(10456,21,8,40,0.15),(10456,49,16,21,0.15),(10457,59,44,36,0),(10458,26,24.9,30,0),(10458,28,36.4,30,0),(10458,43,36.8,20,0),(10458,56,30.4,15,0),(10458,71,17.2,50,0),(10459,7,24,16,0.05),(10459,46,9.6,20,0.05),(10459,72,27.8,40,0),(10460,68,10,21,0.25),(10460,75,6.2,4,0.25),(10461,21,8,40,0.25),(10461,30,20.7,28,0.25),(10461,55,19.2,60,0.25),(10462,13,4.8,1,0),(10462,23,7.2,21,0),(10463,19,7.3,21,0),(10463,42,11.2,50,0),(10464,4,17.6,16,0.2),(10464,43,36.8,3,0),(10464,56,30.4,30,0.2),(10464,60,27.2,20,0),(10465,24,3.6,25,0),(10465,29,99,18,0.1),(10465,40,14.7,20,0),(10465,45,7.6,30,0.1),(10465,50,13,25,0),(10466,11,16.8,10,0),(10466,46,9.6,5,0),(10467,24,3.6,28,0),(10467,25,11.2,12,0),(10468,30,20.7,8,0),(10468,43,36.8,15,0),(10469,2,15.2,40,0.15),(10469,16,13.9,35,0.15),(10469,44,15.5,2,0.15),(10470,18,50,30,0),(10470,23,7.2,15,0),(10470,64,26.6,8,0),(10471,7,24,30,0),(10471,56,30.4,20,0),(10472,24,3.6,80,0.05),(10472,51,42.4,18,0),(10473,33,2,12,0),(10473,71,17.2,12,0),(10474,14,18.6,12,0),(10474,28,36.4,18,0),(10474,40,14.7,21,0),(10474,75,6.2,10,0),(10475,31,10,35,0.15),(10475,66,13.6,60,0.15),(10475,76,14.4,42,0.15),(10476,55,19.2,2,0.05),(10476,70,12,12,0),(10477,1,14.4,15,0),(10477,21,8,21,0.25),(10477,39,14.4,20,0.25),(10478,10,24.8,20,0.05),(10479,38,210.8,30,0),(10479,53,26.2,28,0),(10479,59,44,60,0),(10479,64,26.6,30,0),(10480,47,7.6,30,0),(10480,59,44,12,0),(10481,49,16,24,0),(10481,60,27.2,40,0),(10482,40,14.7,10,0),(10483,34,11.2,35,0.05),(10483,77,10.4,30,0.05),(10484,21,8,14,0),(10484,40,14.7,10,0),(10484,51,42.4,3,0),(10485,2,15.2,20,0.1),(10485,3,8,20,0.1),(10485,55,19.2,30,0.1),(10485,70,12,60,0.1),(10486,11,16.8,5,0),(10486,51,42.4,25,0),(10486,74,8,16,0),(10487,19,7.3,5,0),(10487,26,24.9,30,0),(10487,54,5.9,24,0.25),(10488,59,44,30,0),(10488,73,12,20,0.2),(10489,11,16.8,15,0.25),(10489,16,13.9,18,0),(10490,59,44,60,0),(10490,68,10,30,0),(10490,75,6.2,36,0),(10491,44,15.5,15,0.15),(10491,77,10.4,7,0.15),(10492,25,11.2,60,0.05),(10492,42,11.2,20,0.05),(10493,65,16.8,15,0.1),(10493,66,13.6,10,0.1),(10493,69,28.8,10,0.1),(10494,56,30.4,30,0),(10495,23,7.2,10,0),(10495,41,7.7,20,0),(10495,77,10.4,5,0),(10496,31,10,20,0.05),(10497,56,30.4,14,0),(10497,72,27.8,25,0),(10497,77,10.4,25,0),(10498,24,4.5,14,0),(10498,40,18.4,5,0),(10498,42,14,30,0),(10499,28,45.6,20,0),(10499,49,20,25,0),(10500,15,15.5,12,0.05),(10500,28,45.6,8,0.05),(10501,54,7.45,20,0),(10502,45,9.5,21,0),(10502,53,32.8,6,0),(10502,67,14,30,0),(10503,14,23.25,70,0),(10503,65,21.05,20,0),(10504,2,19,12,0),(10504,21,10,12,0),(10504,53,32.8,10,0),(10504,61,28.5,25,0),(10505,62,49.3,3,0),(10506,25,14,18,0.1),(10506,70,15,14,0.1),(10507,43,46,15,0.15),(10507,48,12.75,15,0.15),(10508,13,6,10,0),(10508,39,18,10,0),(10509,28,45.6,3,0),(10510,29,123.79,36,0),(10510,75,7.75,36,0.1),(10511,4,22,50,0.15),(10511,7,30,50,0.15),(10511,8,40,10,0.15),(10512,24,4.5,10,0.15),(10512,46,12,9,0.15),(10512,47,9.5,6,0.15),(10512,60,34,12,0.15),(10513,21,10,40,0.2),(10513,32,32,50,0.2),(10513,61,28.5,15,0.2),(10514,20,81,39,0),(10514,28,45.6,35,0),(10514,56,38,70,0),(10514,65,21.05,39,0),(10514,75,7.75,50,0),(10515,9,97,16,0.15),(10515,16,17.45,50,0),(10515,27,43.9,120,0),(10515,33,2.5,16,0.15),(10515,60,34,84,0.15),(10516,18,62.5,25,0.1),(10516,41,9.65,80,0.1),(10516,42,14,20,0),(10517,52,7,6,0),(10517,59,55,4,0),(10517,70,15,6,0),(10518,24,4.5,5,0),(10518,38,263.5,15,0),(10518,44,19.45,9,0),(10519,10,31,16,0.05),(10519,56,38,40,0),(10519,60,34,10,0.05),(10520,24,4.5,8,0),(10520,53,32.8,5,0),(10521,35,18,3,0),(10521,41,9.65,10,0),(10521,68,12.5,6,0),(10522,1,18,40,0.2),(10522,8,40,24,0),(10522,30,25.89,20,0.2),(10522,40,18.4,25,0.2),(10523,17,39,25,0.1),(10523,20,81,15,0.1),(10523,37,26,18,0.1),(10523,41,9.65,6,0.1),(10524,10,31,2,0),(10524,30,25.89,10,0),(10524,43,46,60,0),(10524,54,7.45,15,0),(10525,36,19,30,0),(10525,40,18.4,15,0.1),(10526,1,18,8,0.15),(10526,13,6,10,0),(10526,56,38,30,0.15),(10527,4,22,50,0.1),(10527,36,19,30,0.1),(10528,11,21,3,0),(10528,33,2.5,8,0.2),(10528,72,34.8,9,0),(10529,55,24,14,0),(10529,68,12.5,20,0),(10529,69,36,10,0),(10530,17,39,40,0),(10530,43,46,25,0),(10530,61,28.5,20,0),(10530,76,18,50,0),(10531,59,55,2,0),(10532,30,25.89,15,0),(10532,66,17,24,0),(10533,4,22,50,0.05),(10533,72,34.8,24,0),(10533,73,15,24,0.05),(10534,30,25.89,10,0),(10534,40,18.4,10,0.2),(10534,54,7.45,10,0.2),(10535,11,21,50,0.1),(10535,40,18.4,10,0.1),(10535,57,19.5,5,0.1),(10535,59,55,15,0.1),(10536,12,38,15,0.25),(10536,31,12.5,20,0),(10536,33,2.5,30,0),(10536,60,34,35,0.25),(10537,31,12.5,30,0),(10537,51,53,6,0),(10537,58,13.25,20,0),(10537,72,34.8,21,0),(10537,73,15,9,0),(10538,70,15,7,0),(10538,72,34.8,1,0),(10539,13,6,8,0),(10539,21,10,15,0),(10539,33,2.5,15,0),(10539,49,20,6,0),(10540,3,10,60,0),(10540,26,31.23,40,0),(10540,38,263.5,30,0),(10540,68,12.5,35,0),(10541,24,4.5,35,0.1),(10541,38,263.5,4,0.1),(10541,65,21.05,36,0.1),(10541,71,21.5,9,0.1),(10542,11,21,15,0.05),(10542,54,7.45,24,0.05),(10543,12,38,30,0.15),(10543,23,9,70,0.15),(10544,28,45.6,7,0),(10544,67,14,7,0),(10545,11,21,10,0),(10546,7,30,10,0),(10546,35,18,30,0),(10546,62,49.3,40,0),(10547,32,32,24,0.15),(10547,36,19,60,0),(10548,34,14,10,0.25),(10548,41,9.65,14,0),(10549,31,12.5,55,0.15),(10549,45,9.5,100,0.15),(10549,51,53,48,0.15),(10550,17,39,8,0.1),(10550,19,9.2,10,0),(10550,21,10,6,0.1),(10550,61,28.5,10,0.1),(10551,16,17.45,40,0.15),(10551,35,18,20,0.15),(10551,44,19.45,40,0),(10552,69,36,18,0),(10552,75,7.75,30,0),(10553,11,21,15,0),(10553,16,17.45,14,0),(10553,22,21,24,0),(10553,31,12.5,30,0),(10553,35,18,6,0),(10554,16,17.45,30,0.05),(10554,23,9,20,0.05),(10554,62,49.3,20,0.05),(10554,77,13,10,0.05),(10555,14,23.25,30,0.2),(10555,19,9.2,35,0.2),(10555,24,4.5,18,0.2),(10555,51,53,20,0.2),(10555,56,38,40,0.2),(10556,72,34.8,24,0),(10557,64,33.25,30,0),(10557,75,7.75,20,0),(10558,47,9.5,25,0),(10558,51,53,20,0),(10558,52,7,30,0),(10558,53,32.8,18,0),(10558,73,15,3,0),(10559,41,9.65,12,0.05),(10559,55,24,18,0.05),(10560,30,25.89,20,0),(10560,62,49.3,15,0.25),(10561,44,19.45,10,0),(10561,51,53,50,0),(10562,33,2.5,20,0.1),(10562,62,49.3,10,0.1),(10563,36,19,25,0),(10563,52,7,70,0),(10564,17,39,16,0.05),(10564,31,12.5,6,0.05),(10564,55,24,25,0.05),(10565,24,4.5,25,0.1),(10565,64,33.25,18,0.1),(10566,11,21,35,0.15),(10566,18,62.5,18,0.15),(10566,76,18,10,0),(10567,31,12.5,60,0.2),(10567,51,53,3,0),(10567,59,55,40,0.2),(10568,10,31,5,0),(10569,31,12.5,35,0.2),(10569,76,18,30,0),(10570,11,21,15,0.05),(10570,56,38,60,0.05),(10571,14,23.25,11,0.15),(10571,42,14,28,0.15),(10572,16,17.45,12,0.1),(10572,32,32,10,0.1),(10572,40,18.4,50,0),(10572,75,7.75,15,0.1),(10573,17,39,18,0),(10573,34,14,40,0),(10573,53,32.8,25,0),(10574,33,2.5,14,0),(10574,40,18.4,2,0),(10574,62,49.3,10,0),(10574,64,33.25,6,0),(10575,59,55,12,0),(10575,63,43.9,6,0),(10575,72,34.8,30,0),(10575,76,18,10,0),(10576,1,18,10,0),(10576,31,12.5,20,0),(10576,44,19.45,21,0),(10577,39,18,10,0),(10577,75,7.75,20,0),(10577,77,13,18,0),(10578,35,18,20,0),(10578,57,19.5,6,0),(10579,15,15.5,10,0),(10579,75,7.75,21,0),(10580,14,23.25,15,0.05),(10580,41,9.65,9,0.05),(10580,65,21.05,30,0.05),(10581,75,7.75,50,0.2),(10582,57,19.5,4,0),(10582,76,18,14,0),(10583,29,123.79,10,0),(10583,60,34,24,0.15),(10583,69,36,10,0.15),(10584,31,12.5,50,0.05),(10585,47,9.5,15,0),(10586,52,7,4,0.15),(10587,26,31.23,6,0),(10587,35,18,20,0),(10587,77,13,20,0),(10588,18,62.5,40,0.2),(10588,42,14,100,0.2),(10589,35,18,4,0),(10590,1,18,20,0),(10590,77,13,60,0.05),(10591,3,10,14,0),(10591,7,30,10,0),(10591,54,7.45,50,0),(10592,15,15.5,25,0.05),(10592,26,31.23,5,0.05),(10593,20,81,21,0.2),(10593,69,36,20,0.2),(10593,76,18,4,0.2),(10594,52,7,24,0),(10594,58,13.25,30,0),(10595,35,18,30,0.25),(10595,61,28.5,120,0.25),(10595,69,36,65,0.25),(10596,56,38,5,0.2),(10596,63,43.9,24,0.2),(10596,75,7.75,30,0.2),(10597,24,4.5,35,0.2),(10597,57,19.5,20,0),(10597,65,21.05,12,0.2),(10598,27,43.9,50,0),(10598,71,21.5,9,0),(10599,62,49.3,10,0),(10600,54,7.45,4,0),(10600,73,15,30,0),(10601,13,6,60,0),(10601,59,55,35,0),(10602,77,13,5,0.25),(10603,22,21,48,0),(10603,49,20,25,0.05),(10604,48,12.75,6,0.1),(10604,76,18,10,0.1),(10605,16,17.45,30,0.05),(10605,59,55,20,0.05),(10605,60,34,70,0.05),(10605,71,21.5,15,0.05),(10606,4,22,20,0.2),(10606,55,24,20,0.2),(10606,62,49.3,10,0.2),(10607,7,30,45,0),(10607,17,39,100,0),(10607,33,2.5,14,0),(10607,40,18.4,42,0),(10607,72,34.8,12,0),(10608,56,38,28,0),(10609,1,18,3,0),(10609,10,31,10,0),(10609,21,10,6,0),(10610,36,19,21,0.25),(10611,1,18,6,0),(10611,2,19,10,0),(10611,60,34,15,0),(10612,10,31,70,0),(10612,36,19,55,0),(10612,49,20,18,0),(10612,60,34,40,0),(10612,76,18,80,0),(10613,13,6,8,0.1),(10613,75,7.75,40,0),(10614,11,21,14,0),(10614,21,10,8,0),(10614,39,18,5,0),(10615,55,24,5,0),(10616,38,263.5,15,0.05),(10616,56,38,14,0),(10616,70,15,15,0.05),(10616,71,21.5,15,0.05),(10617,59,55,30,0.15),(10618,6,25,70,0),(10618,56,38,20,0),(10618,68,12.5,15,0),(10619,21,10,42,0),(10619,22,21,40,0),(10620,24,4.5,5,0),(10620,52,7,5,0),(10621,19,9.2,5,0),(10621,23,9,10,0),(10621,70,15,20,0),(10621,71,21.5,15,0),(10622,2,19,20,0),(10622,68,12.5,18,0.2),(10623,14,23.25,21,0),(10623,19,9.2,15,0.1),(10623,21,10,25,0.1),(10623,24,4.5,3,0),(10623,35,18,30,0.1),(10624,28,45.6,10,0),(10624,29,123.79,6,0),(10624,44,19.45,10,0),(10625,14,23.25,3,0),(10625,42,14,5,0),(10625,60,34,10,0),(10626,53,32.8,12,0),(10626,60,34,20,0),(10626,71,21.5,20,0),(10627,62,49.3,15,0),(10627,73,15,35,0.15),(10628,1,18,25,0),(10629,29,123.79,20,0),(10629,64,33.25,9,0),(10630,55,24,12,0.05),(10630,76,18,35,0),(10631,75,7.75,8,0.1),(10632,2,19,30,0.05),(10632,33,2.5,20,0.05),(10633,12,38,36,0.15),(10633,13,6,13,0.15),(10633,26,31.23,35,0.15),(10633,62,49.3,80,0.15),(10634,7,30,35,0),(10634,18,62.5,50,0),(10634,51,53,15,0),(10634,75,7.75,2,0),(10635,4,22,10,0.1),(10635,5,21.35,15,0.1),(10635,22,21,40,0),(10636,4,22,25,0),(10636,58,13.25,6,0),(10637,11,21,10,0),(10637,50,16.25,25,0.05),(10637,56,38,60,0.05),(10638,45,9.5,20,0),(10638,65,21.05,21,0),(10638,72,34.8,60,0),(10639,18,62.5,8,0),(10640,69,36,20,0.25),(10640,70,15,15,0.25),(10641,2,19,50,0),(10641,40,18.4,60,0),(10642,21,10,30,0.2),(10642,61,28.5,20,0.2),(10643,28,45.6,15,0.25),(10643,39,18,21,0.25),(10643,46,12,2,0.25),(10644,18,62.5,4,0.1),(10644,43,46,20,0),(10644,46,12,21,0.1),(10645,18,62.5,20,0),(10645,36,19,15,0),(10646,1,18,15,0.25),(10646,10,31,18,0.25),(10646,71,21.5,30,0.25),(10646,77,13,35,0.25),(10647,19,9.2,30,0),(10647,39,18,20,0),(10648,22,21,15,0),(10648,24,4.5,15,0.15),(10649,28,45.6,20,0),(10649,72,34.8,15,0),(10650,30,25.89,30,0),(10650,53,32.8,25,0.05),(10650,54,7.45,30,0),(10651,19,9.2,12,0.25),(10651,22,21,20,0.25),(10652,30,25.89,2,0.25),(10652,42,14,20,0),(10653,16,17.45,30,0.1),(10653,60,34,20,0.1),(10654,4,22,12,0.1),(10654,39,18,20,0.1),(10654,54,7.45,6,0.1),(10655,41,9.65,20,0.2),(10656,14,23.25,3,0.1),(10656,44,19.45,28,0.1),(10656,47,9.5,6,0.1),(10657,15,15.5,50,0),(10657,41,9.65,24,0),(10657,46,12,45,0),(10657,47,9.5,10,0),(10657,56,38,45,0),(10657,60,34,30,0),(10658,21,10,60,0),(10658,40,18.4,70,0.05),(10658,60,34,55,0.05),(10658,77,13,70,0.05),(10659,31,12.5,20,0.05),(10659,40,18.4,24,0.05),(10659,70,15,40,0.05),(10660,20,81,21,0),(10661,39,18,3,0.2),(10661,58,13.25,49,0.2),(10662,68,12.5,10,0),(10663,40,18.4,30,0.05),(10663,42,14,30,0.05),(10663,51,53,20,0.05),(10664,10,31,24,0.15),(10664,56,38,12,0.15),(10664,65,21.05,15,0.15),(10665,51,53,20,0),(10665,59,55,1,0),(10665,76,18,10,0),(10666,29,123.79,36,0),(10666,65,21.05,10,0),(10667,69,36,45,0.2),(10667,71,21.5,14,0.2),(10668,31,12.5,8,0.1),(10668,55,24,4,0.1),(10668,64,33.25,15,0.1),(10669,36,19,30,0),(10670,23,9,32,0),(10670,46,12,60,0),(10670,67,14,25,0),(10670,73,15,50,0),(10670,75,7.75,25,0),(10671,16,17.45,10,0),(10671,62,49.3,10,0),(10671,65,21.05,12,0),(10672,38,263.5,15,0.1),(10672,71,21.5,12,0),(10673,16,17.45,3,0),(10673,42,14,6,0),(10673,43,46,6,0),(10674,23,9,5,0),(10675,14,23.25,30,0),(10675,53,32.8,10,0),(10675,58,13.25,30,0),(10676,10,31,2,0),(10676,19,9.2,7,0),(10676,44,19.45,21,0),(10677,26,31.23,30,0.15),(10677,33,2.5,8,0.15),(10678,12,38,100,0),(10678,33,2.5,30,0),(10678,41,9.65,120,0),(10678,54,7.45,30,0),(10679,59,55,12,0),(10680,16,17.45,50,0.25),(10680,31,12.5,20,0.25),(10680,42,14,40,0.25),(10681,19,9.2,30,0.1),(10681,21,10,12,0.1),(10681,64,33.25,28,0),(10682,33,2.5,30,0),(10682,66,17,4,0),(10682,75,7.75,30,0),(10683,52,7,9,0),(10684,40,18.4,20,0),(10684,47,9.5,40,0),(10684,60,34,30,0),(10685,10,31,20,0),(10685,41,9.65,4,0),(10685,47,9.5,15,0),(10686,17,39,30,0.2),(10686,26,31.23,15,0),(10687,9,97,50,0.25),(10687,29,123.79,10,0),(10687,36,19,6,0.25),(10688,10,31,18,0.1),(10688,28,45.6,60,0.1),(10688,34,14,14,0),(10689,1,18,35,0.25),(10690,56,38,20,0.25),(10690,77,13,30,0.25),(10691,1,18,30,0),(10691,29,123.79,40,0),(10691,43,46,40,0),(10691,44,19.45,24,0),(10691,62,49.3,48,0),(10692,63,43.9,20,0),(10693,9,97,6,0),(10693,54,7.45,60,0.15),(10693,69,36,30,0.15),(10693,73,15,15,0.15),(10694,7,30,90,0),(10694,59,55,25,0),(10694,70,15,50,0),(10695,8,40,10,0),(10695,12,38,4,0),(10695,24,4.5,20,0),(10696,17,39,20,0),(10696,46,12,18,0),(10697,19,9.2,7,0.25),(10697,35,18,9,0.25),(10697,58,13.25,30,0.25),(10697,70,15,30,0.25),(10698,11,21,15,0),(10698,17,39,8,0.05),(10698,29,123.79,12,0.05),(10698,65,21.05,65,0.05),(10698,70,15,8,0.05),(10699,47,9.5,12,0),(10700,1,18,5,0.2),(10700,34,14,12,0.2),(10700,68,12.5,40,0.2),(10700,71,21.5,60,0.2),(10701,59,55,42,0.15),(10701,71,21.5,20,0.15),(10701,76,18,35,0.15),(10702,3,10,6,0),(10702,76,18,15,0),(10703,2,19,5,0),(10703,59,55,35,0),(10703,73,15,35,0),(10704,4,22,6,0),(10704,24,4.5,35,0),(10704,48,12.75,24,0),(10705,31,12.5,20,0),(10705,32,32,4,0),(10706,16,17.45,20,0),(10706,43,46,24,0),(10706,59,55,8,0),(10707,55,24,21,0),(10707,57,19.5,40,0),(10707,70,15,28,0.15),(10708,5,21.35,4,0),(10708,36,19,5,0),(10709,8,40,40,0),(10709,51,53,28,0),(10709,60,34,10,0),(10710,19,9.2,5,0),(10710,47,9.5,5,0),(10711,19,9.2,12,0),(10711,41,9.65,42,0),(10711,53,32.8,120,0),(10712,53,32.8,3,0.05),(10712,56,38,30,0),(10713,10,31,18,0),(10713,26,31.23,30,0),(10713,45,9.5,110,0),(10713,46,12,24,0),(10714,2,19,30,0.25),(10714,17,39,27,0.25),(10714,47,9.5,50,0.25),(10714,56,38,18,0.25),(10714,58,13.25,12,0.25),(10715,10,31,21,0),(10715,71,21.5,30,0),(10716,21,10,5,0),(10716,51,53,7,0),(10716,61,28.5,10,0),(10717,21,10,32,0.05),(10717,54,7.45,15,0),(10717,69,36,25,0.05),(10718,12,38,36,0),(10718,16,17.45,20,0),(10718,36,19,40,0),(10718,62,49.3,20,0),(10719,18,62.5,12,0.25),(10719,30,25.89,3,0.25),(10719,54,7.45,40,0.25),(10720,35,18,21,0),(10720,71,21.5,8,0),(10721,44,19.45,50,0.05),(10722,2,19,3,0),(10722,31,12.5,50,0),(10722,68,12.5,45,0),(10722,75,7.75,42,0),(10723,26,31.23,15,0),(10724,10,31,16,0),(10724,61,28.5,5,0),(10725,41,9.65,12,0),(10725,52,7,4,0),(10725,55,24,6,0),(10726,4,22,25,0),(10726,11,21,5,0),(10727,17,39,20,0.05),(10727,56,38,10,0.05),(10727,59,55,10,0.05),(10728,30,25.89,15,0),(10728,40,18.4,6,0),(10728,55,24,12,0),(10728,60,34,15,0),(10729,1,18,50,0),(10729,21,10,30,0),(10729,50,16.25,40,0),(10730,16,17.45,15,0.05),(10730,31,12.5,3,0.05),(10730,65,21.05,10,0.05),(10731,21,10,40,0.05),(10731,51,53,30,0.05),(10732,76,18,20,0),(10733,14,23.25,16,0),(10733,28,45.6,20,0),(10733,52,7,25,0),(10734,6,25,30,0),(10734,30,25.89,15,0),(10734,76,18,20,0),(10735,61,28.5,20,0.1),(10735,77,13,2,0.1),(10736,65,21.05,40,0),(10736,75,7.75,20,0),(10737,13,6,4,0),(10737,41,9.65,12,0),(10738,16,17.45,3,0),(10739,36,19,6,0),(10739,52,7,18,0),(10740,28,45.6,5,0.2),(10740,35,18,35,0.2),(10740,45,9.5,40,0.2),(10740,56,38,14,0.2),(10741,2,19,15,0.2),(10742,3,10,20,0),(10742,60,34,50,0),(10742,72,34.8,35,0),(10743,46,12,28,0.05),(10744,40,18.4,50,0.2),(10745,18,62.5,24,0),(10745,44,19.45,16,0),(10745,59,55,45,0),(10745,72,34.8,7,0),(10746,13,6,6,0),(10746,42,14,28,0),(10746,62,49.3,9,0),(10746,69,36,40,0),(10747,31,12.5,8,0),(10747,41,9.65,35,0),(10747,63,43.9,9,0),(10747,69,36,30,0),(10748,23,9,44,0),(10748,40,18.4,40,0),(10748,56,38,28,0),(10749,56,38,15,0),(10749,59,55,6,0),(10749,76,18,10,0),(10750,14,23.25,5,0.15),(10750,45,9.5,40,0.15),(10750,59,55,25,0.15),(10751,26,31.23,12,0.1),(10751,30,25.89,30,0),(10751,50,16.25,20,0.1),(10751,73,15,15,0),(10752,1,18,8,0),(10752,69,36,3,0),(10753,45,9.5,4,0),(10753,74,10,5,0),(10754,40,18.4,3,0),(10755,47,9.5,30,0.25),(10755,56,38,30,0.25),(10755,57,19.5,14,0.25),(10755,69,36,25,0.25),(10756,18,62.5,21,0.2),(10756,36,19,20,0.2),(10756,68,12.5,6,0.2),(10756,69,36,20,0.2),(10757,34,14,30,0),(10757,59,55,7,0),(10757,62,49.3,30,0),(10757,64,33.25,24,0),(10758,26,31.23,20,0),(10758,52,7,60,0),(10758,70,15,40,0),(10759,32,32,10,0),(10760,25,14,12,0.25),(10760,27,43.9,40,0),(10760,43,46,30,0.25),(10761,25,14,35,0.25),(10761,75,7.75,18,0),(10762,39,18,16,0),(10762,47,9.5,30,0),(10762,51,53,28,0),(10762,56,38,60,0),(10763,21,10,40,0),(10763,22,21,6,0),(10763,24,4.5,20,0),(10764,3,10,20,0.1),(10764,39,18,130,0.1),(10765,65,21.05,80,0.1),(10766,2,19,40,0),(10766,7,30,35,0),(10766,68,12.5,40,0),(10767,42,14,2,0),(10768,22,21,4,0),(10768,31,12.5,50,0),(10768,60,34,15,0),(10768,71,21.5,12,0),(10769,41,9.65,30,0.05),(10769,52,7,15,0.05),(10769,61,28.5,20,0),(10769,62,49.3,15,0),(10770,11,21,15,0.25),(10771,71,21.5,16,0),(10772,29,123.79,18,0),(10772,59,55,25,0),(10773,17,39,33,0),(10773,31,12.5,70,0.2),(10773,75,7.75,7,0.2),(10774,31,12.5,2,0.25),(10774,66,17,50,0),(10775,10,31,6,0),(10775,67,14,3,0),(10776,31,12.5,16,0.05),(10776,42,14,12,0.05),(10776,45,9.5,27,0.05),(10776,51,53,120,0.05),(10777,42,14,20,0.2),(10778,41,9.65,10,0),(10779,16,17.45,20,0),(10779,62,49.3,20,0),(10780,70,15,35,0),(10780,77,13,15,0),(10781,54,7.45,3,0.2),(10781,56,38,20,0.2),(10781,74,10,35,0),(10782,31,12.5,1,0),(10783,31,12.5,10,0),(10783,38,263.5,5,0),(10784,36,19,30,0),(10784,39,18,2,0.15),(10784,72,34.8,30,0.15),(10785,10,31,10,0),(10785,75,7.75,10,0),(10786,8,40,30,0.2),(10786,30,25.89,15,0.2),(10786,75,7.75,42,0.2),(10787,2,19,15,0.05),(10787,29,123.79,20,0.05),(10788,19,9.2,50,0.05),(10788,75,7.75,40,0.05),(10789,18,62.5,30,0),(10789,35,18,15,0),(10789,63,43.9,30,0),(10789,68,12.5,18,0),(10790,7,30,3,0.15),(10790,56,38,20,0.15),(10791,29,123.79,14,0.05),(10791,41,9.65,20,0.05),(10792,2,19,10,0),(10792,54,7.45,3,0),(10792,68,12.5,15,0),(10793,41,9.65,14,0),(10793,52,7,8,0),(10794,14,23.25,15,0.2),(10794,54,7.45,6,0.2),(10795,16,17.45,65,0),(10795,17,39,35,0.25),(10796,26,31.23,21,0.2),(10796,44,19.45,10,0),(10796,64,33.25,35,0.2),(10796,69,36,24,0.2),(10797,11,21,20,0),(10798,62,49.3,2,0),(10798,72,34.8,10,0),(10799,13,6,20,0.15),(10799,24,4.5,20,0.15),(10799,59,55,25,0),(10800,11,21,50,0.1),(10800,51,53,10,0.1),(10800,54,7.45,7,0.1),(10801,17,39,40,0.25),(10801,29,123.79,20,0.25),(10802,30,25.89,25,0.25),(10802,51,53,30,0.25),(10802,55,24,60,0.25),(10802,62,49.3,5,0.25),(10803,19,9.2,24,0.05),(10803,25,14,15,0.05),(10803,59,55,15,0.05),(10804,10,31,36,0),(10804,28,45.6,24,0),(10804,49,20,4,0.15),(10805,34,14,10,0),(10805,38,263.5,10,0),(10806,2,19,20,0.25),(10806,65,21.05,2,0),(10806,74,10,15,0.25),(10807,40,18.4,1,0),(10808,56,38,20,0.15),(10808,76,18,50,0.15),(10809,52,7,20,0),(10810,13,6,7,0),(10810,25,14,5,0),(10810,70,15,5,0),(10811,19,9.2,15,0),(10811,23,9,18,0),(10811,40,18.4,30,0),(10812,31,12.5,16,0.1),(10812,72,34.8,40,0.1),(10812,77,13,20,0),(10813,2,19,12,0.2),(10813,46,12,35,0),(10814,41,9.65,20,0),(10814,43,46,20,0.15),(10814,48,12.75,8,0.15),(10814,61,28.5,30,0.15),(10815,33,2.5,16,0),(10816,38,263.5,30,0.05),(10816,62,49.3,20,0.05),(10817,26,31.23,40,0.15),(10817,38,263.5,30,0),(10817,40,18.4,60,0.15),(10817,62,49.3,25,0.15),(10818,32,32,20,0),(10818,41,9.65,20,0),(10819,43,46,7,0),(10819,75,7.75,20,0),(10820,56,38,30,0),(10821,35,18,20,0),(10821,51,53,6,0),(10822,62,49.3,3,0),(10822,70,15,6,0),(10823,11,21,20,0.1),(10823,57,19.5,15,0),(10823,59,55,40,0.1),(10823,77,13,15,0.1),(10824,41,9.65,12,0),(10824,70,15,9,0),(10825,26,31.23,12,0),(10825,53,32.8,20,0),(10826,31,12.5,35,0),(10826,57,19.5,15,0),(10827,10,31,15,0),(10827,39,18,21,0),(10828,20,81,5,0),(10828,38,263.5,2,0),(10829,2,19,10,0),(10829,8,40,20,0),(10829,13,6,10,0),(10829,60,34,21,0),(10830,6,25,6,0),(10830,39,18,28,0),(10830,60,34,30,0),(10830,68,12.5,24,0),(10831,19,9.2,2,0),(10831,35,18,8,0),(10831,38,263.5,8,0),(10831,43,46,9,0),(10832,13,6,3,0.2),(10832,25,14,10,0.2),(10832,44,19.45,16,0.2),(10832,64,33.25,3,0),(10833,7,30,20,0.1),(10833,31,12.5,9,0.1),(10833,53,32.8,9,0.1),(10834,29,123.79,8,0.05),(10834,30,25.89,20,0.05),(10835,59,55,15,0),(10835,77,13,2,0.2),(10836,22,21,52,0),(10836,35,18,6,0),(10836,57,19.5,24,0),(10836,60,34,60,0),(10836,64,33.25,30,0),(10837,13,6,6,0),(10837,40,18.4,25,0),(10837,47,9.5,40,0.25),(10837,76,18,21,0.25),(10838,1,18,4,0.25),(10838,18,62.5,25,0.25),(10838,36,19,50,0.25),(10839,58,13.25,30,0.1),(10839,72,34.8,15,0.1),(10840,25,14,6,0.2),(10840,39,18,10,0.2),(10841,10,31,16,0),(10841,56,38,30,0),(10841,59,55,50,0),(10841,77,13,15,0),(10842,11,21,15,0),(10842,43,46,5,0),(10842,68,12.5,20,0),(10842,70,15,12,0),(10843,51,53,4,0.25),(10844,22,21,35,0),(10845,23,9,70,0.1),(10845,35,18,25,0.1),(10845,42,14,42,0.1),(10845,58,13.25,60,0.1),(10845,64,33.25,48,0),(10846,4,22,21,0),(10846,70,15,30,0),(10846,74,10,20,0),(10847,1,18,80,0.2),(10847,19,9.2,12,0.2),(10847,37,26,60,0.2),(10847,45,9.5,36,0.2),(10847,60,34,45,0.2),(10847,71,21.5,55,0.2),(10848,5,21.35,30,0),(10848,9,97,3,0),(10849,3,10,49,0),(10849,26,31.23,18,0.15),(10850,25,14,20,0.15),(10850,33,2.5,4,0.15),(10850,70,15,30,0.15),(10851,2,19,5,0.05),(10851,25,14,10,0.05),(10851,57,19.5,10,0.05),(10851,59,55,42,0.05),(10852,2,19,15,0),(10852,17,39,6,0),(10852,62,49.3,50,0),(10853,18,62.5,10,0),(10854,10,31,100,0.15),(10854,13,6,65,0.15),(10855,16,17.45,50,0),(10855,31,12.5,14,0),(10855,56,38,24,0),(10855,65,21.05,15,0.15),(10856,2,19,20,0),(10856,42,14,20,0),(10857,3,10,30,0),(10857,26,31.23,35,0.25),(10857,29,123.79,10,0.25),(10858,7,30,5,0),(10858,27,43.9,10,0),(10858,70,15,4,0),(10859,24,4.5,40,0.25),(10859,54,7.45,35,0.25),(10859,64,33.25,30,0.25),(10860,51,53,3,0),(10860,76,18,20,0),(10861,17,39,42,0),(10861,18,62.5,20,0),(10861,21,10,40,0),(10861,33,2.5,35,0),(10861,62,49.3,3,0),(10862,11,21,25,0),(10862,52,7,8,0),(10863,1,18,20,0.15),(10863,58,13.25,12,0.15),(10864,35,18,4,0),(10864,67,14,15,0),(10865,38,263.5,60,0.05),(10865,39,18,80,0.05),(10866,2,19,21,0.25),(10866,24,4.5,6,0.25),(10866,30,25.89,40,0.25),(10867,53,32.8,3,0),(10868,26,31.23,20,0),(10868,35,18,30,0),(10868,49,20,42,0.1),(10869,1,18,40,0),(10869,11,21,10,0),(10869,23,9,50,0),(10869,68,12.5,20,0),(10870,35,18,3,0),(10870,51,53,2,0),(10871,6,25,50,0.05),(10871,16,17.45,12,0.05),(10871,17,39,16,0.05),(10872,55,24,10,0.05),(10872,62,49.3,20,0.05),(10872,64,33.25,15,0.05),(10872,65,21.05,21,0.05),(10873,21,10,20,0),(10873,28,45.6,3,0),(10874,10,31,10,0),(10875,19,9.2,25,0),(10875,47,9.5,21,0.1),(10875,49,20,15,0),(10876,46,12,21,0),(10876,64,33.25,20,0),(10877,16,17.45,30,0.25),(10877,18,62.5,25,0),(10878,20,81,20,0.05),(10879,40,18.4,12,0),(10879,65,21.05,10,0),(10879,76,18,10,0),(10880,23,9,30,0.2),(10880,61,28.5,30,0.2),(10880,70,15,50,0.2),(10881,73,15,10,0),(10882,42,14,25,0),(10882,49,20,20,0.15),(10882,54,7.45,32,0.15),(10883,24,4.5,8,0),(10884,21,10,40,0.05),(10884,56,38,21,0.05),(10884,65,21.05,12,0.05),(10885,2,19,20,0),(10885,24,4.5,12,0),(10885,70,15,30,0),(10885,77,13,25,0),(10886,10,31,70,0),(10886,31,12.5,35,0),(10886,77,13,40,0),(10887,25,14,5,0),(10888,2,19,20,0),(10888,68,12.5,18,0),(10889,11,21,40,0),(10889,38,263.5,40,0),(10890,17,39,15,0),(10890,34,14,10,0),(10890,41,9.65,14,0),(10891,30,25.89,15,0.05),(10892,59,55,40,0.05),(10893,8,40,30,0),(10893,24,4.5,10,0),(10893,29,123.79,24,0),(10893,30,25.89,35,0),(10893,36,19,20,0),(10894,13,6,28,0.05),(10894,69,36,50,0.05),(10894,75,7.75,120,0.05),(10895,24,4.5,110,0),(10895,39,18,45,0),(10895,40,18.4,91,0),(10895,60,34,100,0),(10896,45,9.5,15,0),(10896,56,38,16,0),(10897,29,123.79,80,0),(10897,30,25.89,36,0),(10898,13,6,5,0),(10899,39,18,8,0.15),(10900,70,15,3,0.25),(10901,41,9.65,30,0),(10901,71,21.5,30,0),(10902,55,24,30,0.15),(10902,62,49.3,6,0.15),(10903,13,6,40,0),(10903,65,21.05,21,0),(10903,68,12.5,20,0),(10904,58,13.25,15,0),(10904,62,49.3,35,0),(10905,1,18,20,0.05),(10906,61,28.5,15,0),(10907,75,7.75,14,0),(10908,7,30,20,0.05),(10908,52,7,14,0.05),(10909,7,30,12,0),(10909,16,17.45,15,0),(10909,41,9.65,5,0),(10910,19,9.2,12,0),(10910,49,20,10,0),(10910,61,28.5,5,0),(10911,1,18,10,0),(10911,17,39,12,0),(10911,67,14,15,0),(10912,11,21,40,0.25),(10912,29,123.79,60,0.25),(10913,4,22,30,0.25),(10913,33,2.5,40,0.25),(10913,58,13.25,15,0),(10914,71,21.5,25,0),(10915,17,39,10,0),(10915,33,2.5,30,0),(10915,54,7.45,10,0),(10916,16,17.45,6,0),(10916,32,32,6,0),(10916,57,19.5,20,0),(10917,30,25.89,1,0),(10917,60,34,10,0),(10918,1,18,60,0.25),(10918,60,34,25,0.25),(10919,16,17.45,24,0),(10919,25,14,24,0),(10919,40,18.4,20,0),(10920,50,16.25,24,0),(10921,35,18,10,0),(10921,63,43.9,40,0),(10922,17,39,15,0),(10922,24,4.5,35,0),(10923,42,14,10,0.2),(10923,43,46,10,0.2),(10923,67,14,24,0.2),(10924,10,31,20,0.1),(10924,28,45.6,30,0.1),(10924,75,7.75,6,0),(10925,36,19,25,0.15),(10925,52,7,12,0.15),(10926,11,21,2,0),(10926,13,6,10,0),(10926,19,9.2,7,0),(10926,72,34.8,10,0),(10927,20,81,5,0),(10927,52,7,5,0),(10927,76,18,20,0),(10928,47,9.5,5,0),(10928,76,18,5,0),(10929,21,10,60,0),(10929,75,7.75,49,0),(10929,77,13,15,0),(10930,21,10,36,0),(10930,27,43.9,25,0),(10930,55,24,25,0.2),(10930,58,13.25,30,0.2),(10931,13,6,42,0.15),(10931,57,19.5,30,0),(10932,16,17.45,30,0.1),(10932,62,49.3,14,0.1),(10932,72,34.8,16,0),(10932,75,7.75,20,0.1),(10933,53,32.8,2,0),(10933,61,28.5,30,0),(10934,6,25,20,0),(10935,1,18,21,0),(10935,18,62.5,4,0.25),(10935,23,9,8,0.25),(10936,36,19,30,0.2),(10937,28,45.6,8,0),(10937,34,14,20,0),(10938,13,6,20,0.25),(10938,43,46,24,0.25),(10938,60,34,49,0.25),(10938,71,21.5,35,0.25),(10939,2,19,10,0.15),(10939,67,14,40,0.15),(10940,7,30,8,0),(10940,13,6,20,0),(10941,31,12.5,44,0.25),(10941,62,49.3,30,0.25),(10941,68,12.5,80,0.25),(10941,72,34.8,50,0),(10942,49,20,28,0),(10943,13,6,15,0),(10943,22,21,21,0),(10943,46,12,15,0),(10944,11,21,5,0.25),(10944,44,19.45,18,0.25),(10944,56,38,18,0),(10945,13,6,20,0),(10945,31,12.5,10,0),(10946,10,31,25,0),(10946,24,4.5,25,0),(10946,77,13,40,0),(10947,59,55,4,0),(10948,50,16.25,9,0),(10948,51,53,40,0),(10948,55,24,4,0),(10949,6,25,12,0),(10949,10,31,30,0),(10949,17,39,6,0),(10949,62,49.3,60,0),(10950,4,22,5,0),(10951,33,2.5,15,0.05),(10951,41,9.65,6,0.05),(10951,75,7.75,50,0.05),(10952,6,25,16,0.05),(10952,28,45.6,2,0),(10953,20,81,50,0.05),(10953,31,12.5,50,0.05),(10954,16,17.45,28,0.15),(10954,31,12.5,25,0.15),(10954,45,9.5,30,0),(10954,60,34,24,0.15),(10955,75,7.75,12,0.2),(10956,21,10,12,0),(10956,47,9.5,14,0),(10956,51,53,8,0),(10957,30,25.89,30,0),(10957,35,18,40,0),(10957,64,33.25,8,0),(10958,5,21.35,20,0),(10958,7,30,6,0),(10958,72,34.8,5,0),(10959,75,7.75,20,0.15),(10960,24,4.5,10,0.25),(10960,41,9.65,24,0),(10961,52,7,6,0.05),(10961,76,18,60,0),(10962,7,30,45,0),(10962,13,6,77,0),(10962,53,32.8,20,0),(10962,69,36,9,0),(10962,76,18,44,0),(10963,60,34,2,0.15),(10964,18,62.5,6,0),(10964,38,263.5,5,0),(10964,69,36,10,0),(10965,51,53,16,0),(10966,37,26,8,0),(10966,56,38,12,0.15),(10966,62,49.3,12,0.15),(10967,19,9.2,12,0),(10967,49,20,40,0),(10968,12,38,30,0),(10968,24,4.5,30,0),(10968,64,33.25,4,0),(10969,46,12,9,0),(10970,52,7,40,0.2),(10971,29,123.79,14,0),(10972,17,39,6,0),(10972,33,2.5,7,0),(10973,26,31.23,5,0),(10973,41,9.65,6,0),(10973,75,7.75,10,0),(10974,63,43.9,10,0),(10975,8,40,16,0),(10975,75,7.75,10,0),(10976,28,45.6,20,0),(10977,39,18,30,0),(10977,47,9.5,30,0),(10977,51,53,10,0),(10977,63,43.9,20,0),(10978,8,40,20,0.15),(10978,21,10,40,0.15),(10978,40,18.4,10,0),(10978,44,19.45,6,0.15),(10979,7,30,18,0),(10979,12,38,20,0),(10979,24,4.5,80,0),(10979,27,43.9,30,0),(10979,31,12.5,24,0),(10979,63,43.9,35,0),(10980,75,7.75,40,0.2),(10981,38,263.5,60,0),(10982,7,30,20,0),(10982,43,46,9,0),(10983,13,6,84,0.15),(10983,57,19.5,15,0),(10984,16,17.45,55,0),(10984,24,4.5,20,0),(10984,36,19,40,0),(10985,16,17.45,36,0.1),(10985,18,62.5,8,0.1),(10985,32,32,35,0.1),(10986,11,21,30,0),(10986,20,81,15,0),(10986,76,18,10,0),(10986,77,13,15,0),(10987,7,30,60,0),(10987,43,46,6,0),(10987,72,34.8,20,0),(10988,7,30,60,0),(10988,62,49.3,40,0.1),(10989,6,25,40,0),(10989,11,21,15,0),(10989,41,9.65,4,0),(10990,21,10,65,0),(10990,34,14,60,0.15),(10990,55,24,65,0.15),(10990,61,28.5,66,0.15),(10991,2,19,50,0.2),(10991,70,15,20,0.2),(10991,76,18,90,0.2),(10992,72,34.8,2,0),(10993,29,123.79,50,0.25),(10993,41,9.65,35,0.25),(10994,59,55,18,0.05),(10995,51,53,20,0),(10995,60,34,4,0),(10996,42,14,40,0),(10997,32,32,50,0),(10997,46,12,20,0.25),(10997,52,7,20,0.25),(10998,24,4.5,12,0),(10998,61,28.5,7,0),(10998,74,10,20,0),(10998,75,7.75,30,0),(10999,41,9.65,20,0.05),(10999,51,53,15,0.05),(10999,77,13,21,0.05),(11000,4,22,25,0.25),(11000,24,4.5,30,0.25),(11000,77,13,30,0),(11001,7,30,60,0),(11001,22,21,25,0),(11001,46,12,25,0),(11001,55,24,6,0),(11002,13,6,56,0),(11002,35,18,15,0.15),(11002,42,14,24,0.15),(11002,55,24,40,0),(11003,1,18,4,0),(11003,40,18.4,10,0),(11003,52,7,10,0),(11004,26,31.23,6,0),(11004,76,18,6,0),(11005,1,18,2,0),(11005,59,55,10,0),(11006,1,18,8,0),(11006,29,123.79,2,0.25),(11007,8,40,30,0),(11007,29,123.79,10,0),(11007,42,14,14,0),(11008,28,45.6,70,0.05),(11008,34,14,90,0.05),(11008,71,21.5,21,0),(11009,24,4.5,12,0),(11009,36,19,18,0.25),(11009,60,34,9,0),(11010,7,30,20,0),(11010,24,4.5,10,0),(11011,58,13.25,40,0.05),(11011,71,21.5,20,0),(11012,19,9.2,50,0.05),(11012,60,34,36,0.05),(11012,71,21.5,60,0.05),(11013,23,9,10,0),(11013,42,14,4,0),(11013,45,9.5,20,0),(11013,68,12.5,2,0),(11014,41,9.65,28,0.1),(11015,30,25.89,15,0),(11015,77,13,18,0),(11016,31,12.5,15,0),(11016,36,19,16,0),(11017,3,10,25,0),(11017,59,55,110,0),(11017,70,15,30,0),(11018,12,38,20,0),(11018,18,62.5,10,0),(11018,56,38,5,0),(11019,46,12,3,0),(11019,49,20,2,0),(11020,10,31,24,0.15),(11021,2,19,11,0.25),(11021,20,81,15,0),(11021,26,31.23,63,0),(11021,51,53,44,0.25),(11021,72,34.8,35,0),(11022,19,9.2,35,0),(11022,69,36,30,0),(11023,7,30,4,0),(11023,43,46,30,0),(11024,26,31.23,12,0),(11024,33,2.5,30,0),(11024,65,21.05,21,0),(11024,71,21.5,50,0),(11025,1,18,10,0.1),(11025,13,6,20,0.1),(11026,18,62.5,8,0),(11026,51,53,10,0),(11027,24,4.5,30,0.25),(11027,62,49.3,21,0.25),(11028,55,24,35,0),(11028,59,55,24,0),(11029,56,38,20,0),(11029,63,43.9,12,0),(11030,2,19,100,0.25),(11030,5,21.35,70,0),(11030,29,123.79,60,0.25),(11030,59,55,100,0.25),(11031,1,18,45,0),(11031,13,6,80,0),(11031,24,4.5,21,0),(11031,64,33.25,20,0),(11031,71,21.5,16,0),(11032,36,19,35,0),(11032,38,263.5,25,0),(11032,59,55,30,0),(11033,53,32.8,70,0.1),(11033,69,36,36,0.1),(11034,21,10,15,0.1),(11034,44,19.45,12,0),(11034,61,28.5,6,0),(11035,1,18,10,0),(11035,35,18,60,0),(11035,42,14,30,0),(11035,54,7.45,10,0),(11036,13,6,7,0),(11036,59,55,30,0),(11037,70,15,4,0),(11038,40,18.4,5,0.2),(11038,52,7,2,0),(11038,71,21.5,30,0),(11039,28,45.6,20,0),(11039,35,18,24,0),(11039,49,20,60,0),(11039,57,19.5,28,0),(11040,21,10,20,0),(11041,2,19,30,0.2),(11041,63,43.9,30,0),(11042,44,19.45,15,0),(11042,61,28.5,4,0),(11043,11,21,10,0),(11044,62,49.3,12,0),(11045,33,2.5,15,0),(11045,51,53,24,0),(11046,12,38,20,0.05),(11046,32,32,15,0.05),(11046,35,18,18,0.05),(11047,1,18,25,0.25),(11047,5,21.35,30,0.25),(11048,68,12.5,42,0),(11049,2,19,10,0.2),(11049,12,38,4,0.2),(11050,76,18,50,0.1),(11051,24,4.5,10,0.2),(11052,43,46,30,0.2),(11052,61,28.5,10,0.2),(11053,18,62.5,35,0.2),(11053,32,32,20,0),(11053,64,33.25,25,0.2),(11054,33,2.5,10,0),(11054,67,14,20,0),(11055,24,4.5,15,0),(11055,25,14,15,0),(11055,51,53,20,0),(11055,57,19.5,20,0),(11056,7,30,40,0),(11056,55,24,35,0),(11056,60,34,50,0),(11057,70,15,3,0),(11058,21,10,3,0),(11058,60,34,21,0),(11058,61,28.5,4,0),(11059,13,6,30,0),(11059,17,39,12,0),(11059,60,34,35,0),(11060,60,34,4,0),(11060,77,13,10,0),(11061,60,34,15,0),(11062,53,32.8,10,0.2),(11062,70,15,12,0.2),(11063,34,14,30,0),(11063,40,18.4,40,0.1),(11063,41,9.65,30,0.1),(11064,17,39,77,0.1),(11064,41,9.65,12,0),(11064,53,32.8,25,0.1),(11064,55,24,4,0.1),(11064,68,12.5,55,0),(11065,30,25.89,4,0.25),(11065,54,7.45,20,0.25),(11066,16,17.45,3,0),(11066,19,9.2,42,0),(11066,34,14,35,0),(11067,41,9.65,9,0),(11068,28,45.6,8,0.15),(11068,43,46,36,0.15),(11068,77,13,28,0.15),(11069,39,18,20,0),(11070,1,18,40,0.15),(11070,2,19,20,0.15),(11070,16,17.45,30,0.15),(11070,31,12.5,20,0),(11071,7,30,15,0.05),(11071,13,6,10,0.05),(11072,2,19,8,0),(11072,41,9.65,40,0),(11072,50,16.25,22,0),(11072,64,33.25,130,0),(11073,11,21,10,0),(11073,24,4.5,20,0),(11074,16,17.45,14,0.05),(11075,2,19,10,0.15),(11075,46,12,30,0.15),(11075,76,18,2,0.15),(11076,6,25,20,0.25),(11076,14,23.25,20,0.25),(11076,19,9.2,10,0.25),(11077,2,19,24,0.2),(11077,3,10,4,0),(11077,4,22,1,0),(11077,6,25,1,0.02),(11077,7,30,1,0.05),(11077,8,40,2,0.1),(11077,10,31,1,0),(11077,12,38,2,0.05),(11077,13,6,4,0),(11077,14,23.25,1,0.03),(11077,16,17.45,2,0.03),(11077,20,81,1,0.04),(11077,23,9,2,0),(11077,32,32,1,0),(11077,39,18,2,0.05),(11077,41,9.65,3,0),(11077,46,12,3,0.02),(11077,52,7,2,0),(11077,55,24,2,0),(11077,60,34,2,0.06),(11077,64,33.25,2,0.03),(11077,66,17,1,0),(11077,73,15,2,0.01),(11077,75,7.75,4,0),(11077,77,13,2,0),(11078,1,18,1,0.05),(11078,2,19,1,0.03);
/*!40000 ALTER TABLE `detallespedido` ENABLE KEYS */;
UNLOCK TABLES;

--
-- Table structure for table `empleados`
--

DROP TABLE IF EXISTS `empleados`;
/*!40101 SET @saved_cs_client     = @@character_set_client */;
/*!50503 SET character_set_client = utf8mb4 */;
CREATE TABLE `empleados` (
  `id` int NOT NULL,
  `nombre` varchar(30) DEFAULT NULL,
  `cargo` varchar(80) DEFAULT NULL,
  PRIMARY KEY (`id`)
) ENGINE=InnoDB DEFAULT CHARSET=latin1;
/*!40101 SET character_set_client = @saved_cs_client */;

--
-- Dumping data for table `empleados`
--

LOCK TABLES `empleados` WRITE;
/*!40000 ALTER TABLE `empleados` DISABLE KEYS */;
INSERT INTO `empleados` VALUES (1,'Davolio','Representante de ventas'),(2,'Fuller','Vicepresidente comercial'),(3,'Leverling','Representante de ventas'),(4,'Peacock','Representante de ventas'),(5,'Buchanan','Gerente de ventas'),(6,'Suyama','Representante de ventas'),(7,'King','Representante de ventas'),(8,'Callahan','Coordinador ventas interno'),(9,'Dodsworth','Representante de ventas');
/*!40000 ALTER TABLE `empleados` ENABLE KEYS */;
UNLOCK TABLES;

--
-- Table structure for table `empresasenvios`
--

DROP TABLE IF EXISTS `empresasenvios`;
/*!40101 SET @saved_cs_client     = @@character_set_client */;
/*!50503 SET character_set_client = utf8mb4 */;
CREATE TABLE `empresasenvios` (
  `id` int NOT NULL,
  `nombre` varchar(50) DEFAULT NULL,
  PRIMARY KEY (`id`)
) ENGINE=InnoDB DEFAULT CHARSET=latin1;
/*!40101 SET character_set_client = @saved_cs_client */;

--
-- Dumping data for table `empresasenvios`
--

LOCK TABLES `empresasenvios` WRITE;
/*!40000 ALTER TABLE `empresasenvios` DISABLE KEYS */;
INSERT INTO `empresasenvios` VALUES (1,'Speedy Express'),(2,'United Package'),(3,'Federal Shipping');
/*!40000 ALTER TABLE `empresasenvios` ENABLE KEYS */;
UNLOCK TABLES;

--
-- Table structure for table `pedidos`
--

DROP TABLE IF EXISTS `pedidos`;
/*!40101 SET @saved_cs_client     = @@character_set_client */;
/*!50503 SET character_set_client = utf8mb4 */;
CREATE TABLE `pedidos` (
  `idpedido` int NOT NULL,
  `idcliente` varchar(10) NOT NULL,
  `idempleado` int NOT NULL,
  `idempresaenvio` int NOT NULL,
  `importe` float DEFAULT NULL,
  `pais` varchar(50) DEFAULT NULL,
  PRIMARY KEY (`idpedido`),
  KEY `idcliente` (`idcliente`),
  KEY `idempleado` (`idempleado`),
  KEY `idempresaenvio` (`idempresaenvio`),
  CONSTRAINT `pedidos_ibfk_1` FOREIGN KEY (`idcliente`) REFERENCES `clientes` (`idcliente`) ON UPDATE CASCADE,
  CONSTRAINT `pedidos_ibfk_2` FOREIGN KEY (`idempleado`) REFERENCES `empleados` (`id`) ON UPDATE CASCADE,
  CONSTRAINT `pedidos_ibfk_3` FOREIGN KEY (`idempresaenvio`) REFERENCES `empresasenvios` (`id`) ON UPDATE CASCADE
) ENGINE=InnoDB DEFAULT CHARSET=latin1;
/*!40101 SET character_set_client = @saved_cs_client */;

--
-- Dumping data for table `pedidos`
--

LOCK TABLES `pedidos` WRITE;
/*!40000 ALTER TABLE `pedidos` DISABLE KEYS */;
INSERT INTO `pedidos` VALUES (10248,'WILMK',5,3,32.38,'Finlandia'),(10249,'TOMSP',6,1,11.61,'Alemania'),(10250,'HANAR',4,2,65.83,'Brasil'),(10251,'VICTE',3,1,41.34,'Francia'),(10252,'SUPRD',4,2,51.3,'Belgica'),(10253,'HANAR',3,2,58.17,'Brasil'),(10254,'CHOPS',5,2,22.98,'Suiza'),(10255,'RICSU',9,3,148.33,'Suiza'),(10256,'WELLI',3,2,13.97,'Brasil'),(10257,'HILAA',4,3,81.91,'Venezuela'),(10258,'ERNSH',1,1,140.51,'Austria'),(10259,'CENTC',4,3,3.25,'Mexico'),(10260,'OTTIK',4,1,55.09,'Alemania'),(10261,'QUEDE',4,2,3.05,'Brasil'),(10262,'RATTC',8,3,48.29,'Estados Unidos'),(10263,'ERNSH',9,3,146.06,'Austria'),(10264,'FOLKO',6,3,3.67,'Suecia'),(10265,'BLONP',2,1,55.28,'Francia'),(10266,'WARTH',3,3,25.73,'Finlandia'),(10267,'FRANK',4,1,208.58,'Alemania'),(10268,'GROSR',8,3,66.29,'Venezuela'),(10269,'WHITC',5,1,4.56,'Estados Unidos'),(10270,'WARTH',1,1,136.54,'Finlandia'),(10271,'SPLIR',6,2,4.54,'Estados Unidos'),(10272,'RATTC',6,2,98.03,'Estados Unidos'),(10273,'QUICK',3,3,76.07,'Alemania'),(10274,'VINET',6,1,6.01,'Francia'),(10275,'MAGAA',1,1,26.93,'Italia'),(10276,'TORTU',8,3,13.84,'Mexico'),(10277,'MORGK',2,3,125.77,'Alemania'),(10278,'BERGS',8,2,92.69,'Suecia'),(10279,'LEHMS',8,2,25.83,'Alemania'),(10280,'BERGS',2,1,8.98,'Suecia'),(10281,'ROMEY',4,1,2.94,'Espanya'),(10282,'ROMEY',4,1,12.69,'Espanya'),(10283,'LILAS',3,3,84.81,'Venezuela'),(10284,'LEHMS',4,1,76.56,'Alemania'),(10285,'QUICK',1,2,76.83,'Alemania'),(10286,'QUICK',8,3,229.24,'Alemania'),(10287,'RICAR',8,3,12.76,'Brasil'),(10288,'REGGC',4,1,7.45,'Italia'),(10289,'BSBEV',7,3,22.77,'Reino Unido'),(10290,'COMMI',8,1,79.7,'Brasil'),(10291,'QUEDE',6,2,6.4,'Brasil'),(10292,'TRADH',1,2,1.35,'Brasil'),(10293,'TORTU',1,3,21.18,'Mexico'),(10294,'RATTC',4,2,147.26,'Estados Unidos'),(10295,'VINET',2,2,1.15,'Francia'),(10296,'LILAS',6,1,0.12,'Venezuela'),(10297,'BLONP',5,2,5.74,'Francia'),(10298,'HUNGO',6,2,168.22,'Irlanda'),(10299,'RICAR',4,2,29.76,'Brasil'),(10300,'MAGAA',2,2,17.68,'Italia'),(10301,'WANDK',8,2,45.08,'Alemania'),(10302,'SUPRD',4,2,6.27,'Belgica'),(10303,'GODOS',7,2,107.83,'Espanya'),(10304,'TORTU',1,2,63.79,'Mexico'),(10305,'OLDWO',8,3,257.62,'Estados Unidos'),(10306,'ROMEY',1,3,7.56,'Espanya'),(10307,'LONEP',2,2,0.56,'Estados Unidos'),(10308,'ANATR',7,3,1.61,'Mexico'),(10309,'HUNGO',3,1,47.3,'Irlanda'),(10310,'THEBI',8,2,17.52,'Estados Unidos'),(10311,'DUMON',1,3,24.69,'Francia'),(10312,'WANDK',2,2,40.26,'Alemania'),(10313,'QUICK',2,2,1.96,'Alemania'),(10314,'RATTC',1,2,74.16,'Estados Unidos'),(10315,'ISLAT',4,2,41.76,'Reino Unido'),(10316,'RATTC',1,3,150.15,'Estados Unidos'),(10317,'LONEP',6,1,12.69,'Estados Unidos'),(10318,'ISLAT',8,2,4.73,'Reino Unido'),(10319,'TORTU',7,3,64.5,'Mexico'),(10320,'WARTH',5,3,34.57,'Finlandia'),(10321,'ISLAT',3,2,3.43,'Reino Unido'),(10322,'PERIC',7,3,0.4,'Mexico'),(10323,'KOENE',4,1,4.88,'Alemania'),(10324,'SAVEA',9,1,214.27,'Estados Unidos'),(10325,'KOENE',1,3,64.86,'Alemania'),(10326,'BOLID',4,2,77.92,'Espanya'),(10327,'FOLKO',2,1,63.36,'Suecia'),(10328,'FURIB',4,3,87.03,'Portugal'),(10329,'SPLIR',4,2,191.67,'Estados Unidos'),(10330,'LILAS',3,1,12.75,'Venezuela'),(10331,'BONAP',9,1,10.19,'Francia'),(10332,'MEREP',3,2,52.84,'Canada'),(10333,'WARTH',5,3,0.59,'Finlandia'),(10334,'VICTE',8,2,8.56,'Francia'),(10335,'HUNGO',7,2,42.11,'Irlanda'),(10336,'PRINI',7,2,15.51,'Portugal'),(10337,'FRANK',4,3,108.26,'Alemania'),(10338,'OLDWO',4,3,84.21,'Estados Unidos'),(10339,'MEREP',2,2,15.66,'Canada'),(10340,'BONAP',1,3,166.31,'Francia'),(10341,'SIMOB',7,3,26.78,'Dinamarca'),(10342,'FRANK',4,2,54.83,'Alemania'),(10343,'LEHMS',4,1,110.37,'Alemania'),(10344,'WHITC',4,2,23.29,'Estados Unidos'),(10345,'QUICK',2,2,249.06,'Alemania'),(10346,'RATTC',3,3,142.08,'Estados Unidos'),(10347,'FAMIA',4,3,3.1,'Brasil'),(10348,'WANDK',4,2,0.78,'Alemania'),(10349,'SPLIR',7,1,8.63,'Estados Unidos'),(10350,'LAMAI',6,2,64.19,'Francia'),(10351,'ERNSH',1,1,162.33,'Austria'),(10352,'FURIB',3,3,1.3,'Portugal'),(10353,'PICCO',7,3,360.63,'Austria'),(10354,'PERIC',8,3,53.8,'Mexico'),(10355,'AROUT',6,1,41.95,'Reino Unido'),(10356,'WANDK',6,2,36.71,'Alemania'),(10357,'LILAS',1,3,34.88,'Venezuela'),(10358,'LAMAI',5,1,19.64,'Francia'),(10359,'SEVES',5,3,288.43,'Reino Unido'),(10360,'BLONP',4,3,131.7,'Francia'),(10361,'QUICK',1,2,183.17,'Alemania'),(10362,'BONAP',3,1,96.04,'Francia'),(10363,'DRACD',4,3,30.54,'Alemania'),(10364,'EASTC',1,1,71.97,'Reino Unido'),(10365,'ANTON',3,2,22,'Mexico'),(10366,'GALED',8,2,10.14,'Espanya'),(10367,'VAFFE',7,3,13.55,'Dinamarca'),(10368,'ERNSH',2,2,101.95,'Austria'),(10369,'SPLIR',8,2,195.68,'Estados Unidos'),(10370,'CHOPS',6,2,1.17,'Suiza'),(10371,'LAMAI',1,1,0.45,'Francia'),(10372,'QUEEN',5,2,890.78,'Brasil'),(10373,'HUNGO',4,3,124.12,'Irlanda'),(10374,'WOLZA',1,3,3.94,'Polonia'),(10375,'HUNGC',3,2,20.12,'Estados Unidos'),(10376,'MEREP',1,2,20.39,'Canada'),(10377,'SEVES',1,3,22.21,'Reino Unido'),(10378,'FOLKO',5,3,5.44,'Suecia'),(10379,'QUEDE',2,1,45.03,'Brasil'),(10380,'HUNGO',8,3,35.03,'Irlanda'),(10381,'LILAS',3,3,7.99,'Venezuela'),(10382,'ERNSH',4,1,94.77,'Austria'),(10383,'AROUT',8,3,34.24,'Reino Unido'),(10384,'BERGS',3,3,168.64,'Suecia'),(10385,'SPLIR',1,2,30.96,'Estados Unidos'),(10386,'FAMIA',9,3,13.99,'Brasil'),(10387,'SANTG',1,2,93.63,'Noruega'),(10388,'SEVES',2,1,34.86,'Reino Unido'),(10389,'BOTTM',4,2,47.42,'Canada'),(10390,'ERNSH',6,1,126.38,'Austria'),(10391,'DRACD',3,3,5.45,'Alemania'),(10392,'PICCO',2,3,122.46,'Austria'),(10393,'SAVEA',1,3,126.56,'Estados Unidos'),(10394,'HUNGC',1,3,30.34,'Estados Unidos'),(10395,'HILAA',6,1,184.41,'Venezuela'),(10396,'FRANK',1,3,135.35,'Alemania'),(10397,'PRINI',5,1,60.26,'Portugal'),(10398,'SAVEA',2,3,89.16,'Estados Unidos'),(10399,'VAFFE',8,3,27.36,'Dinamarca'),(10400,'EASTC',1,3,83.93,'Reino Unido'),(10401,'RATTC',1,1,12.51,'Estados Unidos'),(10402,'ERNSH',8,2,67.88,'Austria'),(10403,'ERNSH',4,3,73.79,'Austria'),(10404,'MAGAA',2,1,155.97,'Italia'),(10405,'LINOD',1,1,34.82,'Venezuela'),(10406,'QUEEN',7,1,108.04,'Brasil'),(10407,'OTTIK',2,2,91.48,'Alemania'),(10408,'FOLIG',8,1,11.26,'Francia'),(10409,'OCEAN',3,1,29.83,'Argentina'),(10410,'BOTTM',3,3,2.4,'Canada'),(10411,'BOTTM',9,3,23.65,'Canada'),(10412,'WARTH',8,2,3.77,'Finlandia'),(10413,'LAMAI',3,2,95.66,'Francia'),(10414,'FAMIA',2,3,21.48,'Brasil'),(10415,'HUNGC',3,1,0.2,'Estados Unidos'),(10416,'WARTH',8,3,22.72,'Finlandia'),(10417,'SIMOB',4,3,70.29,'Dinamarca'),(10418,'QUICK',4,1,17.55,'Alemania'),(10419,'RICSU',4,2,137.35,'Suiza'),(10420,'WELLI',3,1,44.12,'Brasil'),(10421,'QUEDE',8,1,99.23,'Brasil'),(10422,'FRANS',2,1,3.02,'Italia'),(10423,'GOURL',6,3,24.5,'Brasil'),(10424,'MEREP',7,2,370.61,'Canada'),(10425,'LAMAI',6,2,7.93,'Francia'),(10426,'GALED',4,1,18.69,'Espanya'),(10427,'PICCO',4,2,31.29,'Austria'),(10428,'REGGC',7,1,11.09,'Italia'),(10429,'HUNGO',3,2,56.63,'Irlanda'),(10430,'ERNSH',4,1,458.78,'Austria'),(10431,'BOTTM',4,2,44.17,'Canada'),(10432,'SPLIR',3,2,4.34,'Estados Unidos'),(10433,'PRINI',3,3,73.83,'Portugal'),(10434,'FOLKO',3,2,17.92,'Suecia'),(10435,'CONSH',8,2,9.21,'Reino Unido'),(10436,'BLONP',3,2,156.66,'Francia'),(10437,'WARTH',8,1,19.97,'Finlandia'),(10438,'TOMSP',3,2,8.24,'Alemania'),(10439,'MEREP',6,3,4.07,'Canada'),(10440,'SAVEA',4,2,86.53,'Estados Unidos'),(10441,'OLDWO',3,2,73.02,'Estados Unidos'),(10442,'ERNSH',3,2,47.94,'Austria'),(10443,'REGGC',8,1,13.95,'Italia'),(10444,'BERGS',3,3,3.5,'Suecia'),(10445,'BERGS',3,1,9.3,'Suecia'),(10446,'TOMSP',6,1,14.68,'Alemania'),(10447,'RICAR',4,2,68.66,'Brasil'),(10448,'RANCH',4,2,38.82,'Argentina'),(10449,'BLONP',3,2,53.3,'Francia'),(10450,'VICTE',8,2,7.23,'Francia'),(10451,'QUICK',4,3,189.09,'Alemania'),(10452,'SAVEA',8,1,140.26,'Estados Unidos'),(10453,'AROUT',1,2,25.36,'Reino Unido'),(10454,'LAMAI',4,3,2.74,'Francia'),(10455,'WARTH',8,2,180.45,'Finlandia'),(10456,'KOENE',8,2,8.12,'Alemania'),(10457,'KOENE',2,1,11.57,'Alemania'),(10458,'SUPRD',7,3,147.06,'Belgica'),(10459,'VICTE',4,2,25.09,'Francia'),(10460,'FOLKO',8,1,16.27,'Suecia'),(10461,'LILAS',1,3,148.61,'Venezuela'),(10462,'CONSH',2,1,6.17,'Reino Unido'),(10463,'SUPRD',5,3,14.78,'Belgica'),(10464,'FURIB',4,2,89,'Portugal'),(10465,'VAFFE',1,3,145.04,'Dinamarca'),(10466,'COMMI',4,1,11.93,'Brasil'),(10467,'MAGAA',8,2,4.93,'Italia'),(10468,'KOENE',3,3,44.12,'Alemania'),(10469,'WHITC',1,1,60.18,'Estados Unidos'),(10470,'BONAP',4,2,64.56,'Francia'),(10471,'BSBEV',2,3,45.59,'Reino Unido'),(10472,'SEVES',8,1,4.2,'Reino Unido'),(10473,'ISLAT',1,3,16.37,'Reino Unido'),(10474,'PERIC',5,2,83.49,'Mexico'),(10475,'SUPRD',9,1,68.52,'Belgica'),(10476,'HILAA',8,3,4.41,'Venezuela'),(10477,'PRINI',5,2,13.02,'Portugal'),(10478,'VICTE',2,3,4.81,'Francia'),(10479,'RATTC',3,3,708.95,'Estados Unidos'),(10480,'FOLIG',6,2,1.35,'Francia'),(10481,'RICAR',8,2,64.33,'Brasil'),(10482,'LAZYK',1,3,7.48,'Estados Unidos'),(10483,'WHITC',7,2,15.28,'Estados Unidos'),(10484,'BSBEV',3,3,6.88,'Reino Unido'),(10485,'LINOD',4,2,64.45,'Venezuela'),(10486,'HILAA',1,2,30.53,'Venezuela'),(10487,'QUEEN',2,2,71.07,'Brasil'),(10488,'FRANK',8,2,4.93,'Alemania'),(10489,'PICCO',6,2,5.29,'Austria'),(10490,'HILAA',7,2,210.19,'Venezuela'),(10491,'FURIB',8,3,16.96,'Portugal'),(10492,'BOTTM',3,1,62.89,'Canada'),(10493,'LAMAI',4,3,10.64,'Francia'),(10494,'COMMI',4,2,65.99,'Brasil'),(10495,'LAUGB',3,3,4.65,'Canada'),(10496,'TRADH',7,2,46.77,'Brasil'),(10497,'LEHMS',7,1,36.21,'Alemania'),(10498,'HILAA',8,2,29.75,'Venezuela'),(10499,'LILAS',4,2,102.02,'Venezuela'),(10500,'LAMAI',6,1,42.68,'Francia'),(10501,'BLAUS',9,3,8.85,'Alemania'),(10502,'PERIC',2,1,69.32,'Mexico'),(10503,'HUNGO',6,2,16.74,'Irlanda'),(10504,'WHITC',4,3,59.13,'Estados Unidos'),(10505,'MEREP',3,3,7.13,'Canada'),(10506,'KOENE',9,2,21.19,'Alemania'),(10507,'ANTON',7,1,47.45,'Mexico'),(10508,'OTTIK',1,2,4.99,'Alemania'),(10509,'BLAUS',4,1,0.15,'Alemania'),(10510,'SAVEA',6,3,367.63,'Estados Unidos'),(10511,'BONAP',4,3,350.64,'Francia'),(10512,'FAMIA',7,2,3.53,'Brasil'),(10513,'WANDK',7,1,105.65,'Alemania'),(10514,'ERNSH',3,2,789.95,'Austria'),(10515,'QUICK',2,1,204.47,'Alemania'),(10516,'HUNGO',2,3,62.78,'Irlanda'),(10517,'NORTS',3,3,32.07,'Reino Unido'),(10518,'TORTU',4,2,218.15,'Mexico'),(10519,'CHOPS',6,3,91.76,'Suiza'),(10520,'SANTG',7,1,13.37,'Noruega'),(10521,'CACTU',8,2,17.22,'Argentina'),(10522,'LEHMS',4,1,45.33,'Alemania'),(10523,'SEVES',7,2,77.63,'Reino Unido'),(10524,'BERGS',1,2,244.79,'Suecia'),(10525,'BONAP',1,2,11.06,'Francia'),(10526,'WARTH',4,2,58.59,'Finlandia'),(10527,'QUICK',7,1,41.9,'Alemania'),(10528,'GREAL',6,2,3.35,'Estados Unidos'),(10529,'MAISD',5,2,66.69,'Belgica'),(10530,'PICCO',3,2,339.22,'Austria'),(10531,'OCEAN',7,1,8.12,'Argentina'),(10532,'EASTC',7,3,74.46,'Reino Unido'),(10533,'FOLKO',8,1,188.04,'Suecia'),(10534,'LEHMS',8,2,27.94,'Alemania'),(10535,'ANTON',4,1,15.64,'Mexico'),(10536,'LEHMS',3,2,58.88,'Alemania'),(10537,'RICSU',1,1,78.85,'Suiza'),(10538,'BSBEV',9,3,4.87,'Reino Unido'),(10539,'BSBEV',6,3,12.36,'Reino Unido'),(10540,'QUICK',3,3,1007.64,'Alemania'),(10541,'HANAR',2,1,68.65,'Brasil'),(10542,'KOENE',1,3,10.95,'Alemania'),(10543,'LILAS',8,2,48.17,'Venezuela'),(10544,'LONEP',4,1,24.91,'Estados Unidos'),(10545,'LAZYK',8,2,11.92,'Estados Unidos'),(10546,'VICTE',1,3,194.72,'Francia'),(10547,'SEVES',3,2,178.43,'Reino Unido'),(10548,'TOMSP',3,2,1.43,'Alemania'),(10549,'QUICK',5,1,171.24,'Alemania'),(10550,'GODOS',7,3,4.32,'Espanya'),(10551,'FURIB',4,3,72.95,'Portugal'),(10552,'HILAA',2,1,83.22,'Venezuela'),(10553,'WARTH',2,2,149.49,'Finlandia'),(10554,'OTTIK',4,3,120.97,'Alemania'),(10555,'SAVEA',6,3,252.49,'Estados Unidos'),(10556,'SIMOB',2,1,9.8,'Dinamarca'),(10557,'LEHMS',9,2,96.72,'Alemania'),(10558,'AROUT',1,2,72.97,'Reino Unido'),(10559,'BLONP',6,1,8.05,'Francia'),(10560,'FRANK',8,1,36.65,'Alemania'),(10561,'FOLKO',2,2,242.21,'Suecia'),(10562,'REGGC',1,1,22.95,'Italia'),(10563,'RICAR',2,2,60.43,'Brasil'),(10564,'RATTC',4,3,13.75,'Estados Unidos'),(10565,'MEREP',8,2,7.15,'Canada'),(10566,'BLONP',9,1,88.4,'Francia'),(10567,'HUNGO',1,1,33.97,'Irlanda'),(10568,'GALED',3,3,6.54,'Espanya'),(10569,'RATTC',5,1,58.98,'Estados Unidos'),(10570,'MEREP',3,3,188.99,'Canada'),(10571,'ERNSH',8,3,26.06,'Austria'),(10572,'BERGS',3,2,116.43,'Suecia'),(10573,'ANTON',7,3,84.84,'Mexico'),(10574,'TRAIH',4,2,37.6,'Estados Unidos'),(10575,'MORGK',5,1,127.34,'Alemania'),(10576,'TORTU',3,3,18.56,'Mexico'),(10577,'TRAIH',9,2,25.41,'Estados Unidos'),(10578,'BSBEV',4,3,29.6,'Reino Unido'),(10579,'LETSS',1,2,13.73,'Estados Unidos'),(10580,'OTTIK',4,3,75.89,'Alemania'),(10581,'FAMIA',3,1,3.01,'Brasil'),(10582,'BLAUS',3,2,27.71,'Alemania'),(10583,'WARTH',2,2,7.28,'Finlandia'),(10584,'BLONP',4,1,59.14,'Francia'),(10585,'WELLI',7,1,13.41,'Brasil'),(10586,'REGGC',9,1,0.48,'Italia'),(10587,'QUEDE',1,1,62.52,'Brasil'),(10588,'QUICK',2,3,194.67,'Alemania'),(10589,'GREAL',8,2,4.42,'Estados Unidos'),(10590,'MEREP',4,3,44.77,'Canada'),(10591,'VAFFE',1,1,55.92,'Dinamarca'),(10592,'LEHMS',3,1,32.1,'Alemania'),(10593,'LEHMS',7,2,174.2,'Alemania'),(10594,'OLDWO',3,2,5.24,'Estados Unidos'),(10595,'ERNSH',2,1,96.78,'Austria'),(10596,'WHITC',8,1,16.34,'Estados Unidos'),(10597,'PICCO',7,3,35.12,'Austria'),(10598,'RATTC',1,3,44.42,'Estados Unidos'),(10599,'BSBEV',6,3,29.98,'Reino Unido'),(10600,'HUNGC',4,1,45.13,'Estados Unidos'),(10601,'HILAA',7,1,58.3,'Venezuela'),(10602,'VAFFE',8,2,2.92,'Dinamarca'),(10603,'SAVEA',8,2,48.77,'Estados Unidos'),(10604,'FURIB',1,1,7.46,'Portugal'),(10605,'MEREP',1,2,379.13,'Canada'),(10606,'TRADH',4,3,79.4,'Brasil'),(10607,'SAVEA',5,1,200.24,'Estados Unidos'),(10608,'TOMSP',4,2,27.79,'Alemania'),(10609,'DUMON',7,2,1.85,'Francia'),(10610,'LAMAI',8,1,26.78,'Francia'),(10611,'WOLZA',6,2,80.65,'Polonia'),(10612,'SAVEA',1,2,544.08,'Estados Unidos'),(10613,'HILAA',4,2,8.11,'Venezuela'),(10614,'BLAUS',8,3,1.93,'Alemania'),(10615,'WILMK',2,3,0.75,'Finlandia'),(10616,'GREAL',1,2,116.53,'Estados Unidos'),(10617,'GREAL',4,2,18.53,'Estados Unidos'),(10618,'MEREP',1,1,154.68,'Canada'),(10619,'MEREP',3,3,91.05,'Canada'),(10620,'LAUGB',2,3,0.94,'Canada'),(10621,'ISLAT',4,2,23.73,'Reino Unido'),(10622,'RICAR',4,3,50.97,'Brasil'),(10623,'FRANK',8,2,97.18,'Alemania'),(10624,'THECR',4,2,94.8,'Estados Unidos'),(10625,'ANATR',3,1,43.9,'Mexico'),(10626,'BERGS',1,2,138.69,'Suecia'),(10627,'SAVEA',8,3,107.46,'Estados Unidos'),(10628,'BLONP',4,3,30.36,'Francia'),(10629,'GODOS',4,3,85.46,'Espanya'),(10630,'KOENE',1,2,32.35,'Alemania'),(10631,'LAMAI',8,1,0.87,'Francia'),(10632,'WANDK',8,1,41.38,'Alemania'),(10633,'ERNSH',7,3,477.9,'Austria'),(10634,'FOLIG',4,3,487.38,'Francia'),(10635,'MAGAA',8,3,47.46,'Italia'),(10636,'WARTH',4,1,1.15,'Finlandia'),(10637,'QUEEN',6,1,201.29,'Brasil'),(10638,'LINOD',3,1,158.44,'Venezuela'),(10639,'SANTG',7,3,38.64,'Noruega'),(10640,'WANDK',4,1,23.55,'Alemania'),(10641,'HILAA',4,2,179.61,'Venezuela'),(10642,'SIMOB',7,3,41.89,'Dinamarca'),(10643,'ALFKI',6,2,29.46,'Alemania'),(10644,'WELLI',3,2,0.14,'Brasil'),(10645,'HANAR',4,1,12.41,'Brasil'),(10646,'HUNGO',9,3,142.33,'Irlanda'),(10647,'QUEDE',4,2,45.54,'Brasil'),(10648,'RICAR',5,2,14.25,'Brasil'),(10649,'MAISD',5,3,6.2,'Belgica'),(10650,'FAMIA',5,3,176.81,'Brasil'),(10651,'WANDK',8,2,20.6,'Alemania'),(10652,'GOURL',4,2,7.14,'Brasil'),(10653,'FRANK',1,1,93.25,'Alemania'),(10654,'BERGS',5,1,55.26,'Suecia'),(10655,'REGGC',1,2,4.41,'Italia'),(10656,'GREAL',6,1,57.15,'Estados Unidos'),(10657,'SAVEA',2,2,352.69,'Estados Unidos'),(10658,'QUICK',4,1,364.15,'Alemania'),(10659,'QUEEN',7,2,105.81,'Brasil'),(10660,'HUNGC',8,1,111.29,'Estados Unidos'),(10661,'HUNGO',7,3,17.55,'Irlanda'),(10662,'LONEP',3,2,1.28,'Estados Unidos'),(10663,'BONAP',2,2,113.15,'Francia'),(10664,'FURIB',1,3,1.27,'Portugal'),(10665,'LONEP',1,2,26.31,'Estados Unidos'),(10666,'RICSU',7,2,232.42,'Suiza'),(10667,'ERNSH',7,1,78.09,'Austria'),(10668,'WANDK',1,2,47.22,'Alemania'),(10669,'SIMOB',2,1,24.39,'Dinamarca'),(10670,'FRANK',4,1,203.48,'Alemania'),(10671,'FRANR',1,1,30.34,'Francia'),(10672,'BERGS',9,2,95.75,'Suecia'),(10673,'WILMK',2,1,22.76,'Finlandia'),(10674,'ISLAT',4,2,0.9,'Reino Unido'),(10675,'FRANK',5,2,31.85,'Alemania'),(10676,'TORTU',2,2,2.01,'Mexico'),(10677,'ANTON',1,3,4.03,'Mexico'),(10678,'SAVEA',7,3,388.98,'Estados Unidos'),(10679,'BLONP',8,3,27.94,'Francia'),(10680,'OLDWO',1,1,26.61,'Estados Unidos'),(10681,'GREAL',3,3,76.13,'Estados Unidos'),(10682,'ANTON',3,2,36.13,'Mexico'),(10683,'DUMON',2,1,4.4,'Francia'),(10684,'OTTIK',3,1,145.63,'Alemania'),(10685,'GOURL',4,2,33.75,'Brasil'),(10686,'PICCO',2,1,96.5,'Austria'),(10687,'HUNGO',9,2,296.43,'Irlanda'),(10688,'VAFFE',4,2,299.09,'Dinamarca'),(10689,'BERGS',1,2,13.42,'Suecia'),(10690,'HANAR',1,1,15.8,'Brasil'),(10691,'QUICK',2,2,810.05,'Alemania'),(10692,'ALFKI',4,2,61.02,'Alemania'),(10693,'WHITC',3,3,139.34,'Estados Unidos'),(10694,'QUICK',8,3,398.36,'Alemania'),(10695,'WILMK',7,1,16.72,'Finlandia'),(10696,'WHITC',8,3,102.55,'Estados Unidos'),(10697,'LINOD',3,1,45.52,'Venezuela'),(10698,'ERNSH',4,1,272.47,'Austria'),(10699,'MORGK',3,3,0.58,'Alemania'),(10700,'SAVEA',3,1,65.1,'Estados Unidos'),(10701,'HUNGO',6,3,220.31,'Irlanda'),(10702,'ALFKI',4,1,23.94,'Alemania'),(10703,'FOLKO',6,2,152.3,'Suecia'),(10704,'QUEEN',6,1,4.78,'Brasil'),(10705,'HILAA',9,2,3.52,'Venezuela'),(10706,'OLDWO',8,3,135.63,'Estados Unidos'),(10707,'AROUT',4,3,21.74,'Reino Unido'),(10708,'THEBI',6,2,2.96,'Estados Unidos'),(10709,'GOURL',1,3,210.8,'Brasil'),(10710,'FRANS',1,1,4.98,'Italia'),(10711,'SAVEA',5,2,52.41,'Estados Unidos'),(10712,'HUNGO',3,1,89.93,'Irlanda'),(10713,'SAVEA',1,1,167.05,'Estados Unidos'),(10714,'SAVEA',5,3,24.49,'Estados Unidos'),(10715,'BONAP',3,1,63.2,'Francia'),(10716,'RANCH',4,2,22.57,'Argentina'),(10717,'FRANK',1,2,59.25,'Alemania'),(10718,'KOENE',1,3,170.88,'Alemania'),(10719,'LETSS',8,2,51.44,'Estados Unidos'),(10720,'QUEDE',8,2,9.53,'Brasil'),(10721,'QUICK',5,3,48.92,'Alemania'),(10722,'SAVEA',8,1,74.58,'Estados Unidos'),(10723,'WHITC',3,1,21.72,'Estados Unidos'),(10724,'MEREP',8,2,57.75,'Canada'),(10725,'FAMIA',4,3,10.83,'Brasil'),(10726,'EASTC',4,1,16.56,'Reino Unido'),(10727,'REGGC',2,1,89.9,'Italia'),(10728,'QUEEN',4,2,58.33,'Brasil'),(10729,'LINOD',8,3,141.06,'Venezuela'),(10730,'BONAP',5,1,20.12,'Francia'),(10731,'CHOPS',7,1,96.65,'Suiza'),(10732,'BONAP',3,1,16.97,'Francia'),(10733,'BERGS',1,3,110.11,'Suecia'),(10734,'GOURL',2,3,1.63,'Brasil'),(10735,'LETSS',6,2,45.97,'Estados Unidos'),(10736,'HUNGO',9,2,44.1,'Irlanda'),(10737,'VINET',2,2,7.79,'Francia'),(10738,'SPECD',2,1,2.91,'Francia'),(10739,'VINET',3,3,11.08,'Francia'),(10740,'WHITC',4,2,81.88,'Estados Unidos'),(10741,'BERGS',4,3,10.96,'Suecia'),(10742,'BOTTM',3,3,243.73,'Canada'),(10743,'AROUT',1,2,23.72,'Reino Unido'),(10744,'VAFFE',6,1,69.19,'Dinamarca'),(10745,'QUICK',9,1,3.52,'Alemania'),(10746,'CHOPS',1,3,31.43,'Suiza'),(10747,'PICCO',6,1,117.33,'Austria'),(10748,'SAVEA',3,1,232.55,'Estados Unidos'),(10749,'ISLAT',4,2,61.53,'Reino Unido'),(10750,'WARTH',9,1,79.3,'Finlandia'),(10751,'RICSU',3,3,130.79,'Suiza'),(10752,'NORTS',2,3,1.39,'Reino Unido'),(10753,'FRANS',3,1,7.7,'Italia'),(10754,'MAGAA',6,3,2.38,'Italia'),(10755,'BONAP',4,2,16.71,'Francia'),(10756,'SPLIR',8,2,73.21,'Estados Unidos'),(10757,'SAVEA',6,1,8.19,'Estados Unidos'),(10758,'RICSU',3,3,138.17,'Suiza'),(10759,'ANATR',3,3,11.99,'Mexico'),(10760,'MAISD',4,1,155.64,'Belgica'),(10761,'RATTC',5,2,18.66,'Estados Unidos'),(10762,'FOLKO',3,1,328.74,'Suecia'),(10763,'FOLIG',3,3,37.35,'Francia'),(10764,'ERNSH',6,3,145.45,'Austria'),(10765,'QUICK',3,3,42.74,'Alemania'),(10766,'OTTIK',4,1,157.55,'Alemania'),(10767,'SUPRD',4,3,1.59,'Belgica'),(10768,'AROUT',3,2,146.32,'Reino Unido'),(10769,'VAFFE',3,1,65.06,'Dinamarca'),(10770,'HANAR',8,3,5.32,'Brasil'),(10771,'ERNSH',9,2,11.19,'Austria'),(10772,'LEHMS',3,2,91.28,'Alemania'),(10773,'ERNSH',1,3,96.43,'Austria'),(10774,'FOLKO',4,1,48.2,'Suecia'),(10775,'THECR',7,1,20.25,'Estados Unidos'),(10776,'ERNSH',1,3,351.53,'Austria'),(10777,'GOURL',7,2,3.01,'Brasil'),(10778,'BERGS',3,1,6.79,'Suecia'),(10779,'MORGK',3,2,58.13,'Alemania'),(10780,'LILAS',2,1,42.13,'Venezuela'),(10781,'WARTH',2,3,73.16,'Finlandia'),(10782,'CACTU',9,3,1.1,'Argentina'),(10783,'HANAR',4,2,124.98,'Brasil'),(10784,'MAGAA',4,3,70.09,'Italia'),(10785,'GROSR',1,3,1.51,'Venezuela'),(10786,'QUEEN',8,1,110.87,'Brasil'),(10787,'LAMAI',2,1,249.93,'Francia'),(10788,'QUICK',1,2,42.7,'Alemania'),(10789,'FOLIG',1,2,100.6,'Francia'),(10790,'GOURL',6,1,28.23,'Brasil'),(10791,'FRANK',6,2,16.85,'Alemania'),(10792,'WOLZA',1,3,23.79,'Polonia'),(10793,'AROUT',3,3,4.52,'Reino Unido'),(10794,'QUEDE',6,1,21.49,'Brasil'),(10795,'ERNSH',8,2,126.66,'Austria'),(10796,'HILAA',3,1,26.52,'Venezuela'),(10797,'DRACD',7,2,33.35,'Alemania'),(10798,'ISLAT',2,1,2.33,'Reino Unido'),(10799,'KOENE',9,3,30.76,'Alemania'),(10800,'SEVES',1,3,137.44,'Reino Unido'),(10801,'BOLID',4,2,97.09,'Espanya'),(10802,'SIMOB',4,2,257.26,'Dinamarca'),(10803,'WELLI',4,1,55.23,'Brasil'),(10804,'SEVES',6,2,27.33,'Reino Unido'),(10805,'THEBI',2,3,237.34,'Estados Unidos'),(10806,'VICTE',3,2,22.11,'Francia'),(10807,'FRANS',4,1,1.36,'Italia'),(10808,'OLDWO',2,3,45.53,'Estados Unidos'),(10809,'WELLI',7,1,4.87,'Brasil'),(10810,'LAUGB',2,3,4.33,'Canada'),(10811,'LINOD',8,1,31.22,'Venezuela'),(10812,'REGGC',5,1,59.78,'Italia'),(10813,'RICAR',1,1,47.38,'Brasil'),(10814,'VICTE',3,3,130.94,'Francia'),(10815,'SAVEA',2,3,14.62,'Estados Unidos'),(10816,'GREAL',4,2,719.78,'Estados Unidos'),(10817,'KOENE',3,2,306.07,'Alemania'),(10818,'MAGAA',7,3,65.48,'Italia'),(10819,'CACTU',2,3,19.76,'Argentina'),(10820,'RATTC',3,2,37.52,'Estados Unidos'),(10821,'SPLIR',1,1,36.68,'Estados Unidos'),(10822,'TRAIH',6,3,7,'Estados Unidos'),(10823,'LILAS',5,2,163.97,'Venezuela'),(10824,'FOLKO',8,1,1.23,'Suecia'),(10825,'DRACD',1,1,79.25,'Alemania'),(10826,'BLONP',6,1,7.09,'Francia'),(10827,'BONAP',1,2,63.54,'Francia'),(10828,'RANCH',9,1,90.85,'Argentina'),(10829,'ISLAT',9,1,154.72,'Reino Unido'),(10830,'TRADH',4,2,81.83,'Brasil'),(10831,'SANTG',3,2,72.19,'Noruega'),(10832,'LAMAI',2,2,43.26,'Francia'),(10833,'OTTIK',6,2,71.49,'Alemania'),(10834,'TRADH',1,3,29.78,'Brasil'),(10835,'ALFKI',1,3,69.53,'Alemania'),(10836,'ERNSH',7,1,411.88,'Austria'),(10837,'BERGS',9,3,13.32,'Suecia'),(10838,'LINOD',3,3,59.28,'Venezuela'),(10839,'TRADH',3,3,35.43,'Brasil'),(10840,'LINOD',4,2,2.71,'Venezuela'),(10841,'SUPRD',5,2,424.3,'Belgica'),(10842,'TORTU',1,3,54.42,'Mexico'),(10843,'VICTE',4,2,9.26,'Francia'),(10844,'PICCO',8,2,25.22,'Austria'),(10845,'QUICK',8,1,212.98,'Alemania'),(10846,'SUPRD',2,3,56.46,'Belgica'),(10847,'SAVEA',4,3,487.57,'Estados Unidos'),(10848,'CONSH',7,2,38.24,'Reino Unido'),(10849,'KOENE',9,2,0.56,'Alemania'),(10850,'VICTE',1,1,49.19,'Francia'),(10851,'RICAR',5,1,160.55,'Brasil'),(10852,'RATTC',8,1,174.05,'Estados Unidos'),(10853,'BLAUS',9,2,53.83,'Alemania'),(10854,'ERNSH',3,2,100.22,'Austria'),(10855,'OLDWO',3,1,170.97,'Estados Unidos'),(10856,'ANTON',3,2,58.43,'Mexico'),(10857,'BERGS',8,2,188.85,'Suecia'),(10858,'LACOR',2,1,52.51,'Francia'),(10859,'FRANK',1,2,76.1,'Alemania'),(10860,'FRANR',3,3,19.26,'Francia'),(10861,'WHITC',4,2,14.93,'Estados Unidos'),(10862,'LEHMS',8,2,53.23,'Alemania'),(10863,'HILAA',4,2,30.26,'Venezuela'),(10864,'AROUT',4,2,3.04,'Reino Unido'),(10865,'QUICK',2,1,348.14,'Alemania'),(10866,'BERGS',5,1,109.11,'Suecia'),(10867,'LONEP',6,1,1.93,'Estados Unidos'),(10868,'QUEEN',7,2,191.27,'Brasil'),(10869,'SEVES',5,1,143.28,'Reino Unido'),(10870,'WHITC',5,3,12.04,'Estados Unidos'),(10871,'BONAP',9,2,112.27,'Francia'),(10872,'GODOS',5,2,175.32,'Espanya'),(10873,'WILMK',4,1,0.82,'Finlandia'),(10874,'GODOS',5,2,19.58,'Espanya'),(10875,'BERGS',4,2,32.37,'Suecia'),(10876,'BONAP',7,3,60.42,'Francia'),(10877,'RICAR',1,1,38.06,'Brasil'),(10878,'QUICK',4,1,46.69,'Alemania'),(10879,'WILMK',3,3,8.5,'Finlandia'),(10880,'FOLKO',7,1,88.01,'Suecia'),(10881,'CACTU',4,1,2.84,'Argentina'),(10882,'SAVEA',4,3,23.1,'Estados Unidos'),(10883,'LONEP',8,3,0.53,'Estados Unidos'),(10884,'LETSS',4,2,90.97,'Estados Unidos'),(10885,'SUPRD',6,3,5.64,'Belgica'),(10886,'HANAR',1,1,4.99,'Brasil'),(10887,'GALED',8,3,1.25,'Espanya'),(10888,'GODOS',1,2,51.87,'Espanya'),(10889,'RATTC',9,3,280.61,'Estados Unidos'),(10890,'DUMON',7,1,32.76,'Francia'),(10891,'LEHMS',7,2,20.37,'Alemania'),(10892,'MAISD',4,2,120.27,'Belgica'),(10893,'KOENE',9,2,77.78,'Alemania'),(10894,'SAVEA',1,1,116.13,'Estados Unidos'),(10895,'ERNSH',3,1,162.75,'Austria'),(10896,'MAISD',7,3,32.45,'Belgica'),(10897,'HUNGO',3,2,603.54,'Irlanda'),(10898,'OCEAN',4,2,1.27,'Argentina'),(10899,'LILAS',5,3,1.21,'Venezuela'),(10900,'WELLI',1,2,1.66,'Brasil'),(10901,'HILAA',4,1,62.09,'Venezuela'),(10902,'FOLKO',1,1,44.15,'Suecia'),(10903,'HANAR',3,3,36.71,'Brasil'),(10904,'WHITC',3,3,162.95,'Estados Unidos'),(10905,'WELLI',9,2,13.72,'Brasil'),(10906,'WOLZA',4,3,26.29,'Polonia'),(10907,'SPECD',6,3,9.19,'Francia'),(10908,'REGGC',4,2,32.96,'Italia'),(10909,'SANTG',1,2,53.05,'Noruega'),(10910,'WILMK',1,3,38.11,'Finlandia'),(10911,'GODOS',3,1,38.19,'Espanya'),(10912,'HUNGO',2,2,580.91,'Irlanda'),(10913,'QUEEN',4,1,33.05,'Brasil'),(10914,'QUEEN',6,1,21.19,'Brasil'),(10915,'TORTU',2,2,3.51,'Mexico'),(10916,'RANCH',1,2,63.77,'Argentina'),(10917,'ROMEY',4,2,8.29,'Espanya'),(10918,'BOTTM',3,3,48.83,'Canada'),(10919,'LINOD',2,2,19.8,'Venezuela'),(10920,'AROUT',4,2,29.61,'Reino Unido'),(10921,'VAFFE',1,1,176.48,'Dinamarca'),(10922,'HANAR',5,3,62.74,'Brasil'),(10923,'LAMAI',7,3,68.26,'Francia'),(10924,'BERGS',3,2,151.52,'Suecia'),(10925,'HANAR',3,1,2.27,'Brasil'),(10926,'ANATR',4,3,39.92,'Mexico'),(10927,'LACOR',4,1,19.79,'Francia'),(10928,'GALED',1,1,1.36,'Espanya'),(10929,'FRANK',6,1,33.93,'Alemania'),(10930,'SUPRD',4,3,15.55,'Belgica'),(10931,'RICSU',4,2,13.6,'Suiza'),(10932,'BONAP',8,1,134.64,'Francia'),(10933,'ISLAT',6,3,54.15,'Reino Unido'),(10934,'LEHMS',3,3,32.01,'Alemania'),(10935,'WELLI',4,3,47.59,'Brasil'),(10936,'GREAL',3,2,33.68,'Estados Unidos'),(10937,'CACTU',7,3,31.51,'Argentina'),(10938,'QUICK',3,2,31.89,'Alemania'),(10939,'MAGAA',2,2,76.33,'Italia'),(10940,'BONAP',8,3,19.77,'Francia'),(10941,'SAVEA',7,2,400.81,'Estados Unidos'),(10942,'REGGC',9,3,17.95,'Italia'),(10943,'BSBEV',4,2,2.17,'Reino Unido'),(10944,'BOTTM',6,3,52.92,'Canada'),(10945,'MORGK',4,1,10.22,'Alemania'),(10946,'VAFFE',1,2,27.2,'Dinamarca'),(10947,'BSBEV',3,2,3.26,'Reino Unido'),(10948,'GODOS',3,3,23.39,'Espanya'),(10949,'BOTTM',2,3,74.44,'Canada'),(10950,'MAGAA',1,2,2.5,'Italia'),(10951,'RICSU',9,2,30.85,'Suiza'),(10952,'ALFKI',1,1,40.42,'Alemania'),(10953,'AROUT',9,2,23.72,'Reino Unido'),(10954,'LINOD',5,1,27.91,'Venezuela'),(10955,'FOLKO',8,2,3.26,'Suecia'),(10956,'BLAUS',6,2,44.65,'Alemania'),(10957,'HILAA',8,3,105.36,'Venezuela'),(10958,'OCEAN',7,2,49.56,'Argentina'),(10959,'GOURL',6,2,4.98,'Brasil'),(10960,'HILAA',3,1,2.08,'Venezuela'),(10961,'QUEEN',8,1,104.47,'Brasil'),(10962,'QUICK',8,2,275.79,'Alemania'),(10963,'FURIB',9,3,2.7,'Portugal'),(10964,'SPECD',3,2,87.38,'Francia'),(10965,'OLDWO',6,3,144.38,'Estados Unidos'),(10966,'CHOPS',4,1,27.19,'Suiza'),(10967,'TOMSP',2,2,62.22,'Alemania'),(10968,'ERNSH',1,3,74.6,'Austria'),(10969,'COMMI',1,2,0.21,'Brasil'),(10970,'BOLID',9,1,16.16,'Espanya'),(10971,'FRANR',2,2,121.82,'Francia'),(10972,'LACOR',4,2,0.02,'Francia'),(10973,'LACOR',6,2,15.17,'Francia'),(10974,'SPLIR',3,3,12.96,'Estados Unidos'),(10975,'BOTTM',1,3,32.27,'Canada'),(10976,'HILAA',1,1,37.97,'Venezuela'),(10977,'FOLKO',8,3,208.5,'Suecia'),(10978,'MAISD',9,2,32.82,'Belgica'),(10979,'ERNSH',8,2,353.07,'Austria'),(10980,'FOLKO',4,1,1.26,'Suecia'),(10981,'HANAR',1,2,193.37,'Brasil'),(10982,'BOTTM',2,1,14.01,'Canada'),(10983,'SAVEA',2,2,657.54,'Estados Unidos'),(10984,'SAVEA',1,3,211.22,'Estados Unidos'),(10985,'HUNGO',2,1,91.51,'Irlanda'),(10986,'OCEAN',8,2,217.86,'Argentina'),(10987,'EASTC',8,1,185.48,'Reino Unido'),(10988,'RATTC',3,2,61.14,'Estados Unidos'),(10989,'QUEDE',2,1,34.76,'Brasil'),(10990,'ERNSH',2,3,117.61,'Austria'),(10991,'QUICK',1,1,38.51,'Alemania'),(10992,'THEBI',1,3,4.27,'Estados Unidos'),(10993,'FOLKO',7,3,8.81,'Suecia'),(10994,'VAFFE',2,3,65.53,'Dinamarca'),(10995,'PERIC',1,3,46,'Mexico'),(10996,'QUICK',4,2,1.12,'Alemania'),(10997,'LILAS',8,2,73.91,'Venezuela'),(10998,'WOLZA',8,2,20.31,'Polonia'),(10999,'OTTIK',6,2,96.35,'Alemania'),(11000,'RATTC',2,3,55.12,'Estados Unidos'),(11001,'FOLKO',2,2,197.3,'Suecia'),(11002,'SAVEA',4,1,141.16,'Estados Unidos'),(11003,'THECR',3,3,14.91,'Estados Unidos'),(11004,'MAISD',3,1,44.84,'Belgica'),(11005,'WILMK',2,1,0.75,'Finlandia'),(11006,'GREAL',3,2,25.19,'Estados Unidos'),(11007,'PRINI',8,2,202.24,'Portugal'),(11008,'ERNSH',7,3,79.46,'Austria'),(11009,'GODOS',2,1,59.11,'Espanya'),(11010,'REGGC',2,2,28.71,'Italia'),(11011,'ALFKI',3,1,1.21,'Alemania'),(11012,'FRANK',1,3,242.95,'Alemania'),(11013,'ROMEY',2,1,32.99,'Espanya'),(11014,'LINOD',2,3,23.6,'Venezuela'),(11015,'SANTG',2,2,4.62,'Noruega'),(11016,'AROUT',9,2,33.8,'Reino Unido'),(11017,'ERNSH',9,2,754.26,'Austria'),(11018,'LONEP',4,2,11.65,'Estados Unidos'),(11019,'RANCH',6,3,3.17,'Argentina'),(11020,'OTTIK',2,2,43.3,'Alemania'),(11021,'QUICK',3,1,297.18,'Alemania'),(11022,'HANAR',9,2,6.27,'Brasil'),(11023,'BSBEV',1,2,123.83,'Reino Unido'),(11024,'EASTC',4,1,74.36,'Reino Unido'),(11025,'WARTH',6,3,29.17,'Finlandia'),(11026,'FRANS',4,1,47.09,'Italia'),(11027,'BOTTM',1,1,52.52,'Canada'),(11028,'KOENE',2,1,29.59,'Alemania'),(11029,'CHOPS',4,1,47.84,'Suiza'),(11030,'SAVEA',7,2,830.75,'Estados Unidos'),(11031,'SAVEA',6,2,227.22,'Estados Unidos'),(11032,'WHITC',2,3,606.19,'Estados Unidos'),(11033,'RICSU',7,3,84.74,'Suiza'),(11034,'OLDWO',8,1,40.32,'Estados Unidos'),(11035,'SUPRD',2,2,0.17,'Belgica'),(11036,'DRACD',8,3,149.47,'Alemania'),(11037,'GODOS',7,1,3.2,'Espanya'),(11038,'SUPRD',1,2,29.59,'Belgica'),(11039,'LINOD',1,2,65,'Venezuela'),(11040,'GREAL',4,3,18.84,'Estados Unidos'),(11041,'CHOPS',3,2,48.22,'Suiza'),(11042,'COMMI',2,1,29.99,'Brasil'),(11043,'SPECD',5,2,8.8,'Francia'),(11044,'WOLZA',4,1,8.72,'Polonia'),(11045,'BOTTM',6,2,70.58,'Canada'),(11046,'WANDK',8,2,71.64,'Alemania'),(11047,'EASTC',7,3,46.62,'Reino Unido'),(11048,'BOTTM',7,3,24.12,'Canada'),(11049,'GOURL',3,1,8.34,'Brasil'),(11050,'FOLKO',8,2,59.41,'Suecia'),(11051,'LAMAI',7,3,2.79,'Francia'),(11052,'HANAR',3,1,67.26,'Brasil'),(11053,'PICCO',2,2,53.05,'Austria'),(11054,'CACTU',8,1,0.33,'Argentina'),(11055,'HILAA',7,2,120.92,'Venezuela'),(11056,'EASTC',8,2,278.96,'Reino Unido'),(11057,'NORTS',3,3,4.13,'Reino Unido'),(11058,'BLAUS',9,3,31.14,'Alemania'),(11059,'RICAR',2,2,85.8,'Brasil'),(11060,'FRANS',2,2,10.98,'Italia'),(11061,'GREAL',4,3,14.01,'Estados Unidos'),(11062,'REGGC',4,2,29.93,'Italia'),(11063,'HUNGO',3,2,81.73,'Irlanda'),(11064,'SAVEA',1,1,30.09,'Estados Unidos'),(11065,'LILAS',8,1,12.91,'Venezuela'),(11066,'WHITC',7,2,44.72,'Estados Unidos'),(11067,'DRACD',1,2,7.98,'Alemania'),(11068,'QUEEN',8,2,81.75,'Brasil'),(11069,'TORTU',1,2,15.67,'Mexico'),(11070,'LEHMS',2,1,136,'Alemania'),(11071,'LILAS',1,1,0.93,'Venezuela'),(11072,'ERNSH',4,2,258.64,'Austria'),(11073,'PERIC',2,2,24.95,'Mexico'),(11074,'SIMOB',7,2,18.44,'Dinamarca'),(11075,'RICSU',8,2,6.19,'Suiza'),(11076,'BONAP',4,2,38.28,'Francia'),(11077,'RATTC',1,2,8.53,'Estados Unidos'),(11078,'ALFKI',1,1,1200,'España');
/*!40000 ALTER TABLE `pedidos` ENABLE KEYS */;
UNLOCK TABLES;

--
-- Table structure for table `productos`
--

DROP TABLE IF EXISTS `productos`;
/*!40101 SET @saved_cs_client     = @@character_set_client */;
/*!50503 SET character_set_client = utf8mb4 */;
CREATE TABLE `productos` (
  `id` int NOT NULL AUTO_INCREMENT,
  `nombre` varchar(30) DEFAULT NULL,
  `idcategoria` int NOT NULL,
  `precio` float DEFAULT NULL,
  `existencias` int DEFAULT NULL,
  PRIMARY KEY (`id`),
  KEY `idcategoria` (`idcategoria`),
  CONSTRAINT `productos_ibfk_1` FOREIGN KEY (`idcategoria`) REFERENCES `categorias` (`id`) ON UPDATE CASCADE
) ENGINE=InnoDB AUTO_INCREMENT=93 DEFAULT CHARSET=latin1;
/*!40101 SET character_set_client = @saved_cs_client */;

--
-- Dumping data for table `productos`
--

LOCK TABLES `productos` WRITE;
/*!40000 ALTER TABLE `productos` DISABLE KEYS */;
INSERT INTO `productos` VALUES (1,'Te Dharamsala',1,18,390),(2,'Cerveza tibetana Barley',1,23.0946,17),(3,'Sirope de regaliz',2,12.1551,13),(4,'Especias Cajun del chef Anton',2,22,53),(5,'Mezcla Gumbo del chef Anton',2,25.9511,0),(6,'Mermelada de grosellas de la a',2,25,120),(7,'Peras secas organicas del tio ',7,36.4652,15),(8,'Salsa de arandanos Northwoods',2,48.6203,6),(9,'Buey Mishi Kobe',6,117.904,29),(10,'Pez espada',8,37.6807,31),(11,'Queso Cabrales',4,25.5256,22),(12,'Queso Manchego La Pastora',4,38,86),(13,'Algas Konbu',8,7.29304,24),(14,'Cuajada de judias',7,28.2605,35),(15,'Salsa de soja baja en sodio',2,18.8403,39),(16,'Postre de merengue Pavlova',3,21.2106,29),(17,'Cordero Alice Springs',6,47.4047,0),(18,'Langostinos tigre Carnarvon',8,75.9691,42),(19,'Pastas de te de chocolate',3,11.1827,25),(20,'Mermelada de Sir Rodney\'s',3,98.456,40),(21,'Bollos de Sir Rodney\'s',3,12.1551,3),(22,'Pan de centeno crujiente estil',5,21,104),(23,'Pan fino',5,9,61),(24,'Refresco Guarana Fantastica',1,5.46978,20),(25,'Crema de chocolate y nueces Nu',3,14,76),(26,'Ositos de goma Gumbar',3,37.9603,15),(27,'Chocolate Schoggi',3,53.3607,49),(28,'Col fermentada Rossle',7,55.4271,26),(29,'Salchicha Thuringer',6,150.468,0),(30,'Arenque blanco del noroeste',8,31.4695,10),(31,'Queso gorgonzola Telino',4,15.1938,0),(32,'Queso Mascarpone Fabioli',4,38.8962,9),(33,'Queso de cabra',4,2.5,112),(34,'Cerveza Sasquatch',1,14,111),(35,'Cerveza negra Steeleye',1,21.8791,20),(36,'Escabeche de arenque',8,19,112),(37,'Salmon ahumado Gravad',8,31.6032,11),(38,'Vino Cote de Blaye',1,320.286,17),(39,'Licor verde Chartreuse',1,18,69),(40,'Carne de cangrejo de Boston',8,18.4,123),(41,'Crema de almejas estilo Nueva ',8,9.65,85),(42,'Tallarines de Singapur',5,17.0171,26),(43,'Cafe de Malasia',1,46,250),(44,'Azucar negra Malacca',2,23.6416,27),(45,'Arenque ahumado',8,11.5473,5),(46,'Arenque salado',8,12,950),(47,'Galletas Zaanse',3,11.5473,36),(48,'Chocolate holandes',3,15.4977,15),(49,'Regaliz',3,24.3101,10),(50,'Chocolate blanco',3,16.25,65),(51,'Manzanas secas Manjimup',7,64.4218,20),(52,'Cereales para Filo',5,8.50854,38),(53,'Empanada de carne',6,39.8686,0),(54,'Empanada de cerdo',6,9.05552,21),(55,'Pate chino',6,24,115),(56,'Gnocchi de la abuela Alicia',5,46.1892,21),(57,'Raviolis Angelo',5,23.7024,36),(58,'Caracoles de Borgonya',8,13.25,62),(59,'Raclet de queso Courdavault',4,55,79),(60,'Camembert Pierrot',4,41.3272,19),(61,'Sirope de arce',2,28.5,113),(62,'Tarta de azucar',3,59.9245,17),(63,'Sandwich de vegetales',2,53.3607,24),(64,'Bollos de pan de Wimmer',5,40.4156,22),(65,'Salsa de pimiento picante de L',2,21.05,76),(66,'Especias picantes de Luisiana',2,20.6636,4),(67,'Cerveza Laughing Lumberjack',1,14,52),(68,'Barras de pan de Escocia',3,15.1938,6),(69,'Queso Gudbrandsdals',4,43.7582,26),(70,'Cerveza Outback',1,18.2326,15),(71,'Crema de queso Flotemys',4,26.1334,26),(72,'Queso Mozzarella Giovanni',4,42.2996,14),(73,'Caviar rojo',8,15,101),(74,'Queso de soja Longlife',7,12.1551,4),(75,'Cerveza Klosterbier Rhonbrau',1,7.75,125),(76,'Licor Cloudberry',1,18,57),(77,'Salsa verde original Frankfurt',2,15.8016,32),(78,'Fanta',1,1.82326,15),(79,'Coca Cola',1,1.5,2500),(80,'Azafrán Rojo',2,250,150),(81,'Pepsi',1,1.5,250),(82,'Fanta lima',1,1.82326,15),(83,'Red Bull',1,2.73489,25),(84,'Blondie',9,23.99,10),(85,'Adela',9,15.75,25),(86,'Tracy Chapman',9,13.99,55),(87,'Blondie',10,23.99,10),(88,'Adela',10,15.75,25),(89,'Tracy Chapman',10,13.99,55),(90,'Blondie',11,23.99,10),(91,'Adela',11,15.75,25),(92,'Tracy Chapman',11,13.99,55);
/*!40000 ALTER TABLE `productos` ENABLE KEYS */;
UNLOCK TABLES;
/*!40103 SET TIME_ZONE=@OLD_TIME_ZONE */;

/*!40101 SET SQL_MODE=@OLD_SQL_MODE */;
/*!40014 SET FOREIGN_KEY_CHECKS=@OLD_FOREIGN_KEY_CHECKS */;
/*!40014 SET UNIQUE_CHECKS=@OLD_UNIQUE_CHECKS */;
/*!40101 SET CHARACTER_SET_CLIENT=@OLD_CHARACTER_SET_CLIENT */;
/*!40101 SET CHARACTER_SET_RESULTS=@OLD_CHARACTER_SET_RESULTS */;
/*!40101 SET COLLATION_CONNECTION=@OLD_COLLATION_CONNECTION */;
/*!40111 SET SQL_NOTES=@OLD_SQL_NOTES */;

-- Dump completed on 2025-09-08 12:16:54
